"SNS","Social Networking Service","人と人との社会的な繋がりを維持・促進する様々な機能を提供する、会員制のオンラインサービス。友人・知人間のコミュニケーションを円滑にする手段や場を提供したり、趣味や嗜好、居住地域、出身校、あるいは「友人の友人」といった共通点や繋がりを通じて新たな人間関係を構築する場を提供するサービスで、Webサイトや専用のスマートフォンアプリなどで閲覧・利用することができる。",
"DATファイル","DAT file","ファイル名の拡張子に「.dat」を持つファイル形式。“dat” は「データ」（data）の略号で、プログラムなどではなくデータを保存していることを示している。",
"スクリプト","script","台本、脚本、原稿、手書き、筆記体などの意味を持つ英単語。ITの分野では簡易なコンピュータプログラムをと呼ぶことが多い。",
"Web","World Wide Web","インターネット上で標準的に用いられている文書の公開・閲覧システム。文字や図表、画像、動画などを組み合わせた文書を配布することができる。文書内の要素に別の文書を指し示す参照情報（ハイパーリンク）を埋め込むことができる「ハイパーテキスト」（hypertext）と呼ばれるシステムの一種である。",
"KPI","Key Performance Indicator","目標の達成度合いを計るために継続的に計測・監視される定量的な指標。組織や個人が日々活動、業務を進めていくにあたり、「何をもって進捗とするのか」を定義するために用いられる尺度のこと。",
"API","Application Programming Interface","あるコンピュータプログラム（ソフトウェア）の機能や管理するデータなどを、外部の他のプログラムから呼び出して利用するための手順やデータ形式などを定めた規約のこと。",
"イーサネット","Ethernet","主に室内や建物内でコンピュータや電子機器をケーブルで繋いで通信する有線LAN（構内ネットワーク）の標準の一つで、最も普及している規格。",
"プラットフォーム","platform","台、壇、台地、高台、舞台、演壇、乗降場、綱領などの意味を持つ英単語。ITの分野では、ある機器やソフトウェアを動作させるのに必要な、基盤となる装置やソフトウェア、サービス、あるいはそれらの組み合わせ（動作環境）のことをという。",
"SSD","Solid State Drive","記憶媒体としてフラッシュメモリを用いるドライブ装置。ハードディスクドライブ（HDD）などと同じストレージ（外部記憶装置）としてコンピュータに接続し、プログラムやデータの永続的な保存に用いる。",
"IoT","Internet of Things","コンピュータなどの情報・通信機器だけでなく、世の中に存在する様々な物体（モノ）に通信機能を持たせ、インターネットに接続したり相互に通信することにより、自動認識や自動制御、遠隔計測などを行うこと。",
"SATA","Serial ATA","コンピュータとハードディスクや光学ドライブなどの記憶装置を接続するIDE（ATA）規格の拡張仕様の一つ。従来のATA仕様の後継仕様で、2000年11月に業界団体「Serial ATA Working Group」によって仕様の策定が行われた。同グループにはコンピュータメーカーや記憶装置メーカーの大手が参加している。",
"レジスタ","register","マイクロプロセッサ（MPU/CPU）内部にある、演算や実行状態の保持に用いる記憶素子。最も高速な記憶装置だが、一般的なCPU製品で数個から数十個（容量に換算して数十バイト程度）と数が限られる。GPUなど特殊なプロセッサでは数万個（数百キロバイト）のを内蔵するものもある。",
"HTTP","HyperText Transfer Protocol","WebサーバとWebクライアントの間でデータの送受信を行うために用いられるプロトコル（通信規約）。Webページを構成するHTMLファイルや、ページに関連付けられたスタイルシート、スクリプト、画像、音声、動画などのファイルを、データ形式などのメタ情報を含めてやり取りすることができる。",
"HDCP","High-bandwidth Digital Content Protection","著作権で保護された映像コンテンツが表示装置へ伝送される間に不正にコピーされるのを防止する暗号化技術。コンピュータなどの情報機器とテレビやディスプレイ装置を繋ぐHDMIやDVI、DisplayPortなどの接続規格で利用される。",
"MACアドレス","Media Access Control address","通信ネットワーク上で各通信主体を一意に識別するために物理的に割り当てられた、48ビットの識別番号。リンク層（データリンク層）の通信規約（プロトコル）であるMAC（Media Access Control：メディアアクセス制御）で用いられるアドレスで、「物理アドレス」（phycial address）などと呼ばれることもある。",
"PDF","Portable Document Format","米アドビ（Adobe）社が開発した、どのような環境でも同じように表示・印刷できる電子文書のファイル形式。1993年に登場し、2008年にはISO（国際標準化機構）によって標準化された。",
"CSR","Corporate Social Responsibility","企業が社会に与える影響について責任を持ち、社会の持続的発展のために貢献すべきとする考え方。また、そのような考え方に基づいて実践される諸活動。",
"BIOS","Basic Input/Output System","パソコンなどの主基板（マザーボード）などに格納されたコンピュータプログラム（ファームウェア）の一種で、起動時のOSの読み込みや、接続された装置・機器に対する基本的な入出力制御などを行うもの。",
"Cookie","HTTP Cookie","Webサイトの提供者が、Webブラウザを通じて訪問者のコンピュータに一時的にデータを書き込んで保存させる仕組み。",
"プロファイル","profile","輪郭、横顔、分析結果、略歴などの意味を持つ英単語。一般の外来語としては「プロフィール」（またはプロフィル）と表記するのが一般的だが、これは英語の “profile” に対応するフランス語 “profil” が由来で、人物紹介などの意味で用いられる。",
"モジュール","module","機能単位、交換可能な構成部分などを意味する英単語。機器やシステムの一部を構成するひとまとまりの機能を持った部品で、システム中核部や他の部品への接合部（インターフェース）の仕様が明確に定義され、容易に追加や交換ができるようなもののことを指す。",
"ASCII","American Standard Code for Information Interchange","アルファベットや数字、記号などを収録した文字コードの一つ。最も基本的な文字コードとして世界的に普及しており、他の多くの文字コードがの拡張になるよう実装されている。文字を7ビットの値（0〜127）で表し、128文字が収録されている。",
"インターフェース","interface","接点、境界面、接触面、接合面、仲立ち、橋渡しなどの意味を持つ英単語。IT関連では、二つのものが接続・接触する箇所や、両者の間で情報や信号などをやりとりするための手順や規約を定めたものを意味する。「ハードウェア」「ソフトウェア」「ユーザー」の三つに大別できる。",
"サインイン","sign-in","システムに自分の身元を示す情報を入力し、接続や利用開始を申請すること。システムの保管している身元情報に一致すると、あらかじめ決められた権限に基づいてそのシステムを利用することができる。",
"URL","Uniform Resource Locator","インターネット上に存在するデータやサービスなどの情報資源の位置を記述する標準的な記法の一つ。Webページの所在を書き表す方式として広く普及している。",
"クラウド","cloud","雲、大群、集団などの意味を持つ英単語。全体像の不明確なもやもやした塊・集まりを比喩的に表すことが多い。IT分野では、コンピュータ資源を通信ネットワークを介して遠隔から利用するシステム形態を「コンピューティング」（cloud computing）という。",
"ID","identification","識別、鑑別、同定、特定、身元確認、身分証明、身分証明書などの意味を持つ英単語。複数の同種の対象から特定の一つを識別、同定すること（identification）や、そのような識別に用いられる名前や符号（identifier）、また、それらを記した文書やカードなどのことをという。",
"SMS","Short Message Service","携帯電話間で短い文字メッセージを送受信できるサービス。相手の電話番号を指定して、全角（日本語）なら数十文字、半角（英数字）なら百数十文字程度までの文字のメッセージを、加入者間で即時に交換できる。画像や音声などを添付できるよう拡張したものをMMS（Multimedia Messaging Service）という。1通の送信につき数円から数十円課金される場合が多い。",
"フラッシュメモリ","flash memory","半導体素子を利用した記憶装置の一つで、何度も繰り返し書き込みができ、通電をやめても記憶内容が維持されるもの。近年、データを永続的に保存するストレージ（外部記憶装置）製品の記憶素子として急激に普及している。",
"サーバ","server","コンピュータネットワークにおいて、他のコンピュータに対し、自身の持っている機能やサービス、データなどを提供するコンピュータのこと。また、そのような機能を持ったソフトウェア。",
"JPEG","Joint Photographic Experts Group","静止画像のデータ圧縮形式の一つ。フルカラーの画像を多少の劣化を伴いながら高い圧縮率で符号化できるのが特徴で、写真など自然画像の記録に向いている。ファイル名の標準の拡張子は「.jpg」あるいは「.jpeg」。",
"HD","High Definition","テレビなどの映像の画素数・解像度の水準を表す用語の一つで、かつてのアナログテレビよりも有意に高精細なもののこと。画質のテレビ放送のことは「TV」（High Definition Television：高精細テレビ放送）という。",
"トランザクション","transaction","商取引、売買、執行、取扱、議事録などの意味を持つ英単語。ITの分野では、取引記録などの意味の他に、ソフトウェアの処理方式の一つで、互いに関連・依存する複数の処理をまとめ、一体不可分の処理単位として扱うことを指す場合が多い。",
"ノイマン型コンピュータ","von Neumann architecture","プログラムをデータとして記憶装置に格納し、これを順番に読み込んで実行するコンピュータ。現在のコンピュータのほとんどがこの方式を採用している。「コンピュータの父」とも呼ばれるアメリカの数学者、ジョン・フォン・ノイマン（John von Neumann）の名に由来する。",
"SSID","Service Set Identifier","無線LAN（Wi-Fi）におけるアクセスポイントの識別名。混信を避けるために付けられる名前で、最大32文字までの英数字を任意に設定できる。同一のネットワークで複数のアクセスポイントを設置する場合を考慮してネットワーク識別名に拡張したものをE（Extended ：拡張）という。現在ではEの意味でという語を使う場合が多い。",
"プロパティ","property","財産、資産、物件、所有物、特性、属性、性質、効能などの意味を持つ英単語。ITの分野では、ソフトウェアが取り扱う対象（オブジェクト）の持つ設定や状態、属性などの情報をということが多い。一般の外来語としてはあまり定着しておらず、不動産や資産といった意味で企業名の一部などに用いられることがある。",
"RPA","Robotic Process Automation","人間がコンピュータを操作して行う作業を、ソフトウェアによる自動的な操作によって代替すること。主に企業などのデスクワークにおけるパソコンを使った業務の自動化・省力化を行うもので、業務の効率化や低コスト化を進めることができる。",
"アルゴリズム","algorithm","ある特定の問題を解く手順を、単純な計算や操作の組み合わせとして明確に定義したもの。数学の解法や計算手順なども含まれるが、ITの分野ではコンピュータにプログラムの形で与えて実行させることができるよう定式化された、処理手順の集合のことを指すことが多い。",
"WPA-PSK/WPA2-PSK","Wi-Fi Protected Access Pre-Shared Key","無線LAN（Wi-Fi）の暗号化を行うWPA/WPA2のパーソナルモード（WPA/WPA2 Personal）で、アクセスポイントと端末で事前に共有した秘密の符号によって接続認証や暗号化を行う方式。パーソナルモード自体を指すこともある。",
"リモート","remote","い、離れた、遠隔の、隔たりのある、かけ離れた、間接的な、などの意味を持つ英単語。ITの分野では、離れた場所にある二者（人や機器など）が通信回線やネットワークなどを通じて結ばれていることを表す。この意味での対義語は「ローカル」（local）。",
"シーケンス","sequence","連続（しているもの）、一続き（のもの）、順序、順番、並び、配列（する）、逐次、並べる、順序付ける、などの意味を持つ英単語。",
"ドメイン","domain","範囲、領域などの意味を持つ英単語で、ITの分野ではインターネットなどのTCP/IPネットワーク上で機器やネットワークを識別する名（domain name）を指すことが多い。",
"SSL","Secure Sockets Layer","インターネットなどのIPネットワークでデータを暗号化して送受信するプロトコル（通信手順）の一つ。データを送受信する一対の機器間で通信を暗号化し、中継装置などネットワーク上の他の機器による成りすましやデータの盗み見、改竄などを防ぐことができる。",
"ファイアウォール","firewall","ネットワークの境界に設置され、内外の通信を中継・監視し、外部の攻撃から内部を保護するためのソフトウェアや機器、システムなどのこと。原義は「防火壁」で、外部からの攻撃に対する防御を、火事の炎を遮断して延焼を防ぐことになぞらえている。",
"GUI","Graphical User Interface","コンピュータの表示・操作体系（ユーザーインターフェース）の分類の一つで、情報の提示に画像や図形を多用し、基礎的な操作の大半をマウスやタッチスクリーンなどによる画面上の位置の指示により行うことができるもの。",
"コンテキスト","context","文脈、前後関係、事情、背景、状況などの意味を持つ英単語。ITの分野では、利用者の意図や状況、環境などの総体を表したり、同じ処理や記述でも状況に応じて動作などが異なる場合に、その選択基準となる判断材料や条件などを指す場合が多い。",
"タグ","tag","荷札、付箋といった意味の英単語。ITの分野では、特殊な記法により文書内に記述され情報の意味付けなどを行う文字列のことや、文書や情報の分類に用いられる単語や短いフレーズなどのことを指すことが多い。「IC」のように原義の通り物に取り付ける小さな札を指す場合もある。",
"bps","bits per second","通信回線などのデータ伝送速度の単位で、1秒間に何ビットのデータを送れるかを表す。1は1秒間に1ビットのデータを伝送できることを表す。同じく伝送速度の単位にBytes/s（B/s、バイト毎秒）があるが、1バイトは8ビットなので、1Byte/sは8に相当する。",
"ポート番号","port number","インターネットで標準的に用いられるプロトコル（通信規約）であるTCP/IPにおいて、同じコンピュータ内で動作する複数のソフトウェアのどれが通信するかを指定するための番号。単に「ポート」と略されることもある。",
"HTML","HyperText Markup Language","Webページを記述するためのマークアップ言語。文書の論理構造や表示の仕方などを記述することができる。W3Cによって標準化が行われており、大半のWebブラウザは標準で文書の解釈・表示が行える。",
"マイコン","microcontroller","マイクロコントローラあるいはマイクロコンピュータの略で、前者は組み込みシステム向けの統合型のICチップ、後者はパソコンの旧称を意味する。",
"インスタンス","instance","事実、事例、例、場合などの意味を持つ英単語。ソフトウェアの分野では、あらかじめ定義されたコンピュータプログラムやデータ構造などを、メインメモリ上に展開して処理・実行できる状態にしたものを指す。この意味では「実体」と訳されることもある。",
"HMI","Human Machine Interface","人間と機械が情報をやり取りするための手段や、そのための装置やソフトウェアなどの総称。コンピュータにおけるは特にユーザーインターフェース（UI：User Interface）と呼ばれることが多い。",
"VGA","Video Graphics Array","IBM社がパソコン製品に搭載したグラフィック表示システムの名称。転じて、同システムで採用された640×480ピクセルの画素数や表示モード。また、同システムからディスプレイへアナログRGB信号を出力するコネクタ（端子）を指すこともある。",
"フルHD","Full HD","画面や映像を構成する画素数を表す用語の一つで、1920×1080ピクセルのこと。縦横比（アスペクト比）は16：9。HD（High Definition）映像・機器のうち、最も広いためこのように呼ばれる。",
"リポジトリ","repository","容器、貯蔵庫、倉庫、集積所、宝庫などの意味を持つ英単語。日本語の外来語としては、複数（多数）のデータや情報などが体系立てて保管されているデータベース（学術機関の「機関」など）のことを指すことが多い。",
"プロキシ","proxy","企業などの内部ネットワークとインターネットの境界にあり、内部のコンピュータの「代理」（proxy）としてインターネット上のコンピュータへ接続を行うコンピュータのこと。また、そのような機能を持つサーバソフトウェア。",
"インフラ","infrastructure","基盤、下部構造などの意味を持つ英単語。一般の外来語としては、道路や鉄道、上下水道、発電所・電力網、通信網、港湾、空港、灌漑・治水施設などの公共的・公益的な設備や施設、構造物などを指すことが多い（社会）。",
"EXEファイル","EXE file","米マイクロソフト（Microsoft）社のWindowsで用いられる実行可能プログラムのファイル形式の一つ。ファイル名の標準の拡張子が「.exe」であることからこのように呼ばれる。",
"コンパイラ","compiler","人間に分かりやすく複雑な機能や構文を持つ高水準プログラミング言語（高級言語）で書かれたコンピュータプログラムを、コンピュータが解釈・実行できる形式に一括して変換するソフトウェア。",
"PCI Express","PCIe","コンピュータの拡張バスおよび拡張スロットの標準仕様の一つで、PCI（Peripheral Component Interconnect）バス・スロットの後継となるシリアル伝送インターフェース。",
"POP","Post Office Protocol","インターネットなどのTCP/IPネットワークで標準的に用いられる、電子メール（eメール）を受信するための通信規約（プロトコル）の一つ。",
"ダイアログボックス","dialog box","コンピュータの操作画面で、利用者に何らかの入力を促すために表示される矩形の領域のこと。小さなウィンドウの形で表示されることが多い。“dialog” は「対話」の意。",
"オブジェクト","object","物、物体、目標物、対象、目的語、客体、などの意味を持つ英単語。",
"MDF","Main Distribution Frame","電話局や集合住宅、ビルなどで、外部に通じる通信回線をすべて収容し、集中的に管理する集線装置。",
"EC","Electronic Commerce","データ通信やコンピュータなど電子的な手段を介して行う商取引の総称。狭義にはインターネットを通じて遠隔地間で行う商取引を指す。より狭義には、Webサイトなどを通じて企業が消費者に商品を販売するネット通販（オンラインショップ）を指す場合もある。",
"ウィジェット","widget","システム画面などに小さく表示される単機能のアプリケーションソフト。また、コンピュータの操作画面（GUI）を構成する、何らかの機能を持った表示・操作要素。前者は「ガジェット」（gadget）とも呼ばれる。",
"シンボリックリンク","symbolic link","オペレーティングシステム（OS）のファイルシステムの機能の一つで、特定のファイルやディレクトリを指し示す別のファイルを作成し、それを通じて本体を参照できるようにする仕組み。",
"非ノイマン型コンピュータ","non-von Neumann architectures","現在のほとんどのコンピュータの基本設計にあたる「ノイマン型コンピュータ」とは異なる基本設計のコンピュータの総称。",
"コンポーネント","component","部品、成分、構成要素などの意味を持つ英単語。ITの分野では機器やソフトウェア、システムの構成する部品や要素などのことを意味する。",
"レンダリング","rendering","何らかの抽象的なデータ集合を元に、一定の処理や演算を行って画像や映像、音声などを生成すること。",
"エイリアス","alias","偽名、別名、通称などの意味を持つ英単語。ITの分野では、ある対象や実体を、複数の異なるシンボルや識別子で同じように参照できるする仕組みを指す。別名。",
"SaaS","Software as a Service","ソフトウェアをインターネットを通じて遠隔から利用者に提供する方式。利用者はWebブラウザなどの汎用クライアントソフトを用いて事業者の運用するサーバへアクセスし、ソフトウェアを操作・使用する。従来「ASPサービス」と呼ばれていたものとほぼ同じもの。",
"PIOモード","Programmed I/O","コンピュータ本体とハードディスクなどのストレージ（外部記憶装置）を繋ぐATA（AT Attachment）インターフェースで利用される転送方式の一つで、データ転送をCPUが管理する方式。",
"バイナリ","binary","2値（の）、2進数（の）、2元（の）、などの意味を持つ英単語。IT関連ではテキスト（文字）以外のデータ形式全般を総称してと呼ぶことが多い。",
"FTP","File Transfer Protocol","インターネットなどのTCP/IPネットワークでファイル転送を行うことができるプロトコル（通信規約）の一つ。",
"PPPoE","PPP over Ethernet","標準的な通信プロトコル（通信手順）の一つで、常時接続の通信回線やネットワーク上で、二台の機器の間で仮想的な専用の伝送路を確立し、相互に安定的にデータの送受信を行うことができるようにするもの。家庭などからxDSL（ADSLなど）や光ファイバー（FTTH）、CATVなどの常時接続のインターネット接続サービスを利用する際によく利用される。",
"アクティビティ","activity","「活動」という意味の英単語。ITの分野では、人間の行動や作業、業務手順の単位、システムや回線の稼動状況などの意味で用いられることが多い。",
"SOAP","Simple Object Access Protocol","異なるコンピュータ上で動作するプログラム同士がネットワークを通じてメッセージを伝え合い、連携して動作するための通信プロトコル（規約）の一つ。メッセージの記述にXMLを、データ伝送に主にHTTPを用い、Webサービスの提供や利用に適しているとされる。",
"DLLファイル","Dynamic Link Library","Windowsのプログラムファイルの種類の一つで、様々なプログラムから利用される汎用性の高い機能を収録した、部品化されたプログラムのこと。標準のファイル拡張子は「.dll」。",
"IT","Information Technology","情報を取得、加工、保存、伝送するための科学技術。特に、電気、電子、磁気、電磁波などの物理現象や法則を応用したコンピュータなどの機械や器具、および、その内部で動作するコンピュータプログラム（ソフトウェア）を用いて情報を扱う技術のこと。",
"キャリブレーション","calibration","較正、校正、調整などの意味を持つ英単語。測定器で標準通りの値を得るために、標準器などを用いてその機器の偏りを計測したり、正しい値になるよう調整したりすること。",
"ビット","bit","情報量の最小単位で、二つの選択肢から一つを特定する情報の量。語源は “binary digit” （二進法の数字）と言われ、コンピュータなどでは0と1のいずれかを取る二進数の一桁として表される。情報をすべて列に置き換えて扱うことを「デジタル」（digial）という。",
"プロトコル","protocol","手順、手続き、外交儀礼、議定書、協定などの意味を持つ英単語。通信におけるとは、複数の主体が滞りなく信号やデータ、情報を相互に伝送できるよう、あらかじめ決められた約束事や手順の集合のこと。",
"ハブ","hub","車輪やプロペラなどの中心にある部品や構造のこと。転じて、中心地、結節点、集線装置などの意味で用いられる。",
"LAN","Local Area Network","限られた範囲内にあるコンピュータや通信機器、情報機器などをケーブルや無線電波などで接続し、相互にデータ通信できるようにしたネットワークのこと。概ね室内あるいは建物内程度の広さで構築されるものを指す。",
"SLA","Service Level Agreement","サービスを提供する事業者が契約者に対し、どの程度のサービス品質を保証するかを提示したもの。通信サービスやホスティングサービス、クラウドサービスなどでよく用いられる。",
"IOPS","Input/Output Per Second","ハードディスクやSSDなどのストレージ（外部記憶装置）の性能指標の一つで、ある条件の元で1秒間に読み込み・書き込みできる回数のこと。",
"スレッド","thread","撚り糸、筋、脈絡などの意味を持つ英単語。ITの分野では、コンピュータが連続して実行する命令の列など、一筋の連続した流れになっているものを比喩的に表す。",
"VPN","Virtual Private Network","通信事業者の公衆回線を経由して構築された仮想的な組織内ネットワーク。また、そのようなネットワークを構築できる通信サービス。企業内ネットワークの拠点間接続などに使われ、あたかも自社ネットワーク内部の通信のように遠隔地の拠点との通信が行える。",
"ルーティング","routing","ネットワーク上でデータを送信・転送する際に、宛先アドレスの情報を元に最適な転送経路を割り出すこと。特に、インターネットなどのIPネットワークにおいて、パケットの転送先を決定すること。",
"キャッシュメモリ","cache memory","マイクロプロセッサ（MPU/CPU）内部に設けられた高速な記憶装置。使用頻度の高いデータを蓄積しておくことにより、相対的に低速なメインメモリ（主記憶装置）へのアクセスを減らすことができ、処理を高速化することができる。",
"カスケード","cascade","何段も連なった小さな滝のこと。転じて、同じものがいくつも数珠つなぎに連結された構造や、連鎖的あるいは段階的に物事が生じる様子を表す。",
"OS","Operating System","ソフトウェアの種類の一つで、機器の基本的な管理や制御のための機能や、多くのソフトウェアが共通して利用する基本的な機能などを実装した、システム全体を管理するソフトウェア。",
"データベース","database","複数の主体で共有、利用したり、用途に応じて加工や再利用がしやすいように、一定の形式で作成、管理されたデータの集合のこと。",
"R＆D","Research and Development","企業などで科学研究や技術開発などを行う業務のこと。また、そのような業務を担う部署や組織。",
"チェックサム","checksum","誤り検出符号の一つで、データ列を整数値の列とみなして和を求め、これをある定数で割った余り（余剰）を検査用データとするもの。最も単純な誤り検出方式の一種で、誤りの検出精度は低いが原理が簡単で容易に実装でき、計算コストも低いため、簡易な誤り検出方式として広く普及している。",
"サードパーティ","third party","「第三者」という意味の英単語。ある事柄について、その直接の当事者ではない関係者のこと。外来語でと表記するのはIT分野が多い。",
"REST","Representational State Transfer","分散システムにおいて複数のソフトウェアを連携させるのに適した設計原則の一つ。2000年にロイ・フィールディング（Roy Fielding）氏が提唱した。狭義には、それをWebシステムに適用したソフトウェアの設計様式を指し、一般にはこの意味で用いられることがほとんどである。",
"アセット","asset","資産、財産、資源、有価物、有用なもの、利点、長所、などの意味を持つ英単語。一般の外来語としては、経済的な価値や換金性が高い資産（現預金や有価証券、不動産、生産機械など）や、各種の経営資源のことをということが多い。",
"リソース","resource","資源、資産、資料、供給源などの意味を持つ英単語。目的を達するために役立つ、あるいは必要となる要素のこと。ビジネス分野で人材・物資・資金をまとめて指す用例のように、異なる種類の要素を包括的、総称的に表す用語としてよく用いられる。",
"Webサーバ","web server","Webシステム上で、利用者側のコンピュータに対しネットワークを通じて情報や機能を提供するコンピュータおよびソフトウェアのこと。そのような機能を果たすサーバコンピュータを指す場合と、コンピュータ上で動作するサーバソフトウェアを指す場合がある。",
"MP3","MPEG Audio Layer-3","音声データを圧縮する方式およびファイル形式の一つで、動画圧縮方式のMPEG-1で音声を記録するために策定されたもの。標準のファイル拡張子は「.mp3」。最も普及している音声圧縮形式の一つである。",
"サブスクリプション","subscription","予約購読、購読料、会費、寄付（金）、出資（金）、応募、申込、加入、署名、承諾などの意味を持つ英単語。雑誌などの定期購読といった意味があり、ITの分野では会員制のサービスへの加入や、定額制のコンテンツ配信サービス、定期的に利用権を更新するソフトウェアの販売方式などを指すことが多い。",
"iLO","integrated Lights-Out","米HPE（Hewlett Packard Enterprise）社のサーバ製品の一部に搭載されている、遠隔からの監視や操作を受け付けるための特殊な半導体チップ。また、そのチップと同社の専用ソフトウェアなどを組み合わせて提供される遠隔管理機能。",
"マウント","mount","上がる（こと）、上げる、登る（こと）、乗る（こと）、乗っかる、乗せる、増す、取り付ける、備える、搭載する、はめ込む、取り付け具、台などの意味を持つ英単語。",
"IPアドレス","Internet Protocol Address","インターネットなどのTCP/IPネットワークに接続されたコンピュータや通信機器の一台ごとに割り当てられた識別番号。現在主流のIPv4では32ビットの値となっており、一つのネットワークに最大約42億台が参加できる。",
"TCP","Transmission Control Protocol","インターネットなどのネットワークで、IP（Internet Protocol）の一段階上位層のプロトコル（通信規約）として標準的に使われるものの一つ。",
"PNG","Portable Network Graphics","画像データを圧縮して記録するファイル形式の一つ。フルカラーの画像を無劣化（lossless）で圧縮することができ、図やイラストなど向いている。ファイル名の標準の拡張子は「.png」。",
"スケーリング","scaling","（規模などの）増減、（面積などの）拡大縮小、などの意味を持つ英単語。一般の外来語としては「歯石の」のように（汚れなどを）剥がしたり削り落としたりすることを表す場合もある。",
"SMB","Server Message Block","構内ネットワーク（LAN）上の複数のWindowsコンピュータの間でファイル共有やプリンタ共有などを行うためのプロトコル（通信規約）および通信サービス。",
"ソース","source","源、起源、情報源、発信源、原典、出典、転送元、複製元、水源、光源、音源などの意味を持つ英単語。外来語としてはタレを意味する（sauce）と同音異義語だが、英語では綴りも発音も全く異なり何の共通点もない。",
"PIN","Personal Identification Number","情報システムが利用者の本人確認のために用いる秘密の番号。",
"USBマスストレージクラス","USB Mass Storage Class","USB機器の典型的な機能や接続・制御仕様の標準を定めたUSBデバイスクラスの一つで、ストレージ（外部記憶装置）について定めた規格。また、同規格に基づいて設計されたUSBストレージ装置を認識・制御することができる汎用のデバイスドライバ。",
"RFP","Request For Proposal","情報システムの導入や業務委託を行うにあたり、発注先候補の事業者に具体的な提案を依頼する文書。システムの目的や概要、要件や制約条件などが記述されている。",
"AVI","Audio Video Interleave","Microsoft社が開発した、動画を保存するためのファイル形式の一つ。動画と付随する音声を記録・再生するためのもので、同社のWindowsをはじめ様々なソフトウェアが対応している。ファイル名の末尾に付ける標準の拡張子は「.avi」。",
"ユーザーインターフェース","user interface","機器やソフトウェア、システムなどとその利用者の間で情報をやり取りする仕組み。システムから利用者への情報の提示・表示の仕方と、利用者がシステムを操作したり情報を入力したりする手段や方式、機器、使い勝手などの総体を表す。",
"デバイス","device","機器、装置、道具という意味の英単語。ITの分野では、比較的単純な特定の機能・用途を持った部品や装置という意味で用いられることが多い。",
"量子化","quantization","アナログ信号などの連続量を整数などの離散値で近似的に表現すること。自然界の信号などをコンピュータで処理・保存できるようデジタルデータに置き換える際などによく行われる。",
"ノード","node","節、結節（点）、節点、交点、中心点、集合点、こぶ、膨らみ、などの意味を持つ英単語。ITの分野では網状構造の構成要素などをこのように呼ぶ。",
"IP","Internet Protocol","複数の通信ネットワークを相互に接続し、データを中継・伝送して一つの大きなネットワークにすることができる通信規約（プロトコル）の一つ。によって接続された世界規模の巨大なコンピュータネットワークをインターネット（the Internet）という。",
"コンパイル","compile","プログラミング言語で書かれたコンピュータプログラム（ソースコード）を解析し、コンピュータが直接実行可能な形式のプログラム（オブジェクトコード）に変換すること。そのためのソフトウェアをコンパイラ（compiler）という。",
"ペイロード","payload","有料荷重、有効搭載量、最大積載量、積載物などの意味を持つ英単語。通信・ネットワークの分野において、送受信されるデータの伝送単位（パケットやデータグラムなど）のうち、宛先などの制御情報を除いた、相手に送り届けようとしている正味のデータ本体のことをという。",
"プロセッサ","processor","処理装置、処理機、加工業者などの意味を持つ英単語。ITの分野では、一定の手順に基づいてデータを変換・演算・加工する機能を持った装置やソフトウェア、システムなどのことをという。扱う処理の種類や対象によって「○○」のように用いる。",
"ATA","AT Attachment","コンピュータ本体にハードディスクなどのストレージ装置（外部記憶装置）を繋いで通信するための接続方式の標準規格の一つ。1986年に考案され業界標準として広く普及していたIDE（Integrated Drive Electronics）を1994年にANSI（米国国家規格協会）が-1として標準化したもの（「」の名称は1989年に提唱）。",
"メトリクス","metrics","韻律学、作詞法という意味の英単語。また、測定基準、尺度、計量、距離などを意味する名詞“metric”の複数形。分野や対象を表す名詞に伴って、「〜の尺度」「〜の測定法」「〜の計量法」などの意味を付加する接尾辞でもある。",
"BMP","Bit MaP","Windowsが標準で対応している画像データのファイル形式の一つ。システムが使用するアイコンなどの画像でよく利用される。",
"WPA2","Wi-Fi Protected Access 2","無線LAN（Wi-Fi）上で通信を暗号化して保護するための技術規格の一つで、WPAの後継。また、通信機器などが同規格に準拠していることを認定する認証制度。業界団体のWi-Fi Allianceが運用している。",
"DHCP","Dynamic Host Configuration Protocol","インターネットなどのネットワークに一時的に接続するコンピュータに、IPアドレスなど必要な情報を自動的に割り当てるプロトコル。ネットワーク設定を手動で行わなくてもすぐに適切な設定で接続することができ、ネットワークの設定に詳しくないユーザでも簡単に接続できる。また、ネットワーク管理者は多くのクライアントを容易に一元管理することができる。",
"ファームウェア","firmware","コンピュータや電子機器などに内蔵されるソフトウェアの一種で、本体内部の回路や装置などの基本的な制御を司る機能を持ったもの。",
"アドオン","add-on","追加の（もの）、付け足し（たもの）、付加した（もの）、付属の（もの）、加算の（もの）などの意味を持つ英語表現。ITの分野では、ソフトウェアに追加される拡張機能のことをということが多い。",
"RJ45","Registered Jack 45","通信ケーブルを繋ぐコネクタ形状の一つで、LANケーブルなどに用いられるもの。8つのピンすべてが信号線に繋がれた8極8芯のモジュラー式コネクタで、EthernetやISDN、RS-232Cなどで利用される。",
"パラメータ","parameter","媒介変数、補助変数、母数、引数、設定値などの意味を持つ英単語。ITの分野では、ソフトウェアやシステムの挙動に影響を与える、外部から投入されるデータなどのことをということが多い。",
"ネスト","nest","あるものの中に、それと同じ形や種類の（一回り小さい）ものが入っている状態や構造のこと。ITの分野では、コンピュータプログラムやデータ構造において、ある構造の内部に同じ構造が含まれている状態のことを指す。",
"NIC","Network Interface Card","コンピュータなどの機器を通信ネットワーク（LAN）に接続するためのカード型の拡張装置。筐体背面や側面などに用意された拡張スロットなどに挿入して使用する。",
"Mbps","megabits per second","データ伝送速度の単位の一つで、1秒間に何百万ビット（何メガビット）のデータを送れるかを表したもの。毎秒100万ビット（1メガビット）のデータを伝送できるのが1である。",
"WPS","Wi-Fi Protected Setup","無線LAN（Wi-Fi）機器の接続先や暗号化、認証などについての設定を簡単な操作で行えるようにする機能。特定のボタンを押すなどの操作によって、親機の持つ設定情報を子機へ転送して自動的に設定を完了する。",
"ポーリング","polling","複数の機器やソフトウェアを円滑に連携させる制御方式の一つで、主となるシステムが他のシステムに対して一定間隔で順繰りに要求がないか尋ねる方式。",
"シームレス","seamless","途切れのない、継ぎ目のない、縫い目のない、などの意味を持つ英単語。“seam” （繋ぎ目、縫い目）に接尾辞 “-less” （〜の無い）を連結した単語で、複数の要素が繋ぎ合わされている時に、その繋ぎ目が存在しない、あるいは、認識できない、気にならない状態のことをいう。",
"PMBOK","Project Management Body of Knowledge","モダンプロジェクトマネジメントの概念や用語、手法、工程などを体系化した標準の一つ。アメリカの非営利団体PMI（Project Management Institute/プロジェクトマネジメント協会）が「プロジェクトマネジメント知識体系ガイド」（原著は “A Guide to the Project Management Body of Knowledge”）という書籍として発行している。",
"VBA","Visual Basic for Applications","Microsoft Officeに含まれるアプリケーションソフトの拡張機能で、利用者が簡易なプログラムを記述して実行することで複雑な処理の自動化などを行なうことができるもの。また、そのために用意されたプログラミング言語。",
"マイグレーション","migration","移行、移転、移住、移動、乗換などの意味を持つ英単語。ITの分野では、ソフトウェアやシステム、データなどを別の環境に移転したり、新しい環境に切り替えたりすることを意味することが多い。",
"DNSサーバ","DNS server","インターネットなどのIPネットワーク上で、あるドメイン名についての情報を管理したり、ドメイン名（ホスト名）とIPアドレスの変換を行うコンピュータ。また、そのためのソフトウェア。",
"RF","Radio Frequency","電波や電気信号のうち、無線通信の搬送波として利用できる周波数のもの。また、その周波数。用途や文脈により300Hz（極超長波）前後から3THz（サブミリ波）前後まで様々な周波数帯を指すことがある。",
"アーキテクチャ","architecture","建築（物）、建築術、建築様式、構造、構成などの意味を持つ英単語。",
"GPT","GUID Partition Table","ハードディスクなどの外部記憶装置のパーティション管理方式の一つ。UEFI方式のマザーボードが標準で対応しており、2TB（テラバイト）以上の領域を扱うことができる。",
"ダッシュボード","dashboard","自動車などの「計器盤」を意味する英単語。ITの分野では、複数の情報源からデータを集め、概要をまとめて一覧表示する機能や画面、ソフトウェアなどを指すことが多い。",
"キュー","queue","最も基本的なデータ構造の一つで、要素を入ってきた順に一列に並べ、先に入れた要素から順に取り出すという規則で出し入れを行うもの。順番を待つ人の行列と同じ仕組みであるため「待ち行列」とも訳される。",
"CRC","Cyclic Redundancy Check","誤り検出方式の一つで、データを値とみなしてある定数で割った余り（余剰）を用いて誤りの検知を行なうもの。その検査用の値を値、符号、巡回冗長符号などと呼ぶが、値自体を（Cyclic Redundancy Code）と呼ぶこともある。",
"リンカ","linker","ソフトウェアの開発ツールの一つで、機械語（マシン語）で記述されたプログラムを連結、編集して実行可能ファイルを作成するソフトウェア。",
"DSU","Digital Service Unit","ISDN（INSネット）などのデジタル加入者回線で加入者側に置かれる回線終端装置。通信事業者が運用するISDN公衆回線網の加入者側の末端に接続される機器で、宅内の通信機器を回線網に接続できるようにする。",
"CPU","Central Processing Unit","コンピュータの主要な構成要素の一つで、他の装置・回路の制御やデータの演算などを行う装置。演算装置と制御装置を統合したもので、現代では一枚のICチップに集積されたマイクロプロセッサ（MPU：Micro-Processing Unit）を用いる。",
"フールプルーフ","foolproof","機器の設計などについての考え方の一つで、利用者が操作や取り扱い方を誤っても危険が生じない、あるいは、そもそも誤った操作や危険な使い方ができないような構造や仕掛けを設計段階で組み込むこと。また、そのような仕組みや構造。",
"OTA","Over-The-Air","「無線で」「電波で」といった意味の英語表現で、信号やデータの伝送を無線通信で行うことを有線通信や記憶媒体を用いる方式や状況と対比する際によく用いられる。",
"ポート","port","「港」という意味の英単語で、ITの分野では機器やソフトウェアが外部の別の主体と接続・通信するための末端部分のことを比喩的にこのように呼ぶ。",
"ICT","Information and Communication Technology","情報や通信に関連する科学技術の総称。特に、電気、電子、磁気、電磁波などの物理現象や法則を応用した機械や器具を用いて情報を保存、加工、伝送する技術のこと。",
"ソケット","socket","受け口、軸受け、接合部、穴、へこみなどの意味を持つ英単語。ITの分野では物理的な接続端子を指す場合と、ソフトウェア間で通信する仕組みを指す場合がある。",
"フットプリント","footprint","「足跡」という意味の英単語で、ITの分野ではソフトウェアやシステムなどが稼働時に占有・消費する資源の多さなどを表す。",
"モンテカルロ法","Monte Carlo method","数値計算手法の一つで、乱数を用いた試行を繰り返すことにより近似解を求める手法。確率論的な事象についての推定値を得る場合を特に「モンテカルロシミュレーション」と呼ぶ。名称の由来はカジノで有名なモナコ公国のモンテカルロ地区である。",
"UML","Unified Modeling Language","オブジェクト指向のソフトウェア開発において、データ構造や処理の流れなどソフトウェアに関連する様々な設計や仕様を図示するための記法を定めたもの。ソフトウェアのモデリング言語の標準としてとして最も広く普及している。",
"人工知能","Artificial Intelligence","人間にしかできなかったような高度に知的な作業や判断をコンピュータを中心とする人工的なシステムにより行えるようにしたもの。",
"RAM","Random Access Memory","コンピュータのメモリ装置の一種で、データの消去・書き換えが可能で、装置内のどこに記録されたデータも等しい時間で読み書き（ランダムアクセス）することができる性質を持ったもの。現代のコンピュータのほとんどは半導体記憶素子を用いたを主記憶装置（メインメモリ）として用いられるため、メインメモリのことをと呼ぶことが多い。",
"ソフトウェア","software","コンピュータを動作させる命令の集まりであるコンピュータプログラムを組み合わせ、何らかの機能や目的を果たすようまとめたもの。プログラムが動作するのに必要なデータも含まれる。",
"SCSI","Small Computer System Interface","コンピュータ本体にストレージ装置（外部記憶装置）などの周辺機器を繋いで通信するための接続方式の標準規格の一つ。1979年に考案され業界標準として広く普及していたSASI（Shugart Associates System Interface）を元に改良し、1986年にANSI（米国国家規格協会）によって最初の規格が標準化された。",
"パイプライン処理","pipeline processing","マイクロプロセッサ（MPU/CPU）内部での命令実行方式の一つで、一つの命令を複数の段階に分割してそれぞれを別の回路で実行することにより、いくつかの命令の実行を並行して進める方式。",
"エンティティ","entity","実体、存在、実在（物）、本質、本体などの意味を持つ英単語。ITの分野では、何らかの標識や識別名、所在情報によって指し示される、独立した一意の対象物をということが多い。",
"CLI","Command Line Interface","コンピュータやソフトウェアが利用者に情報を提示したり操作を受け付けたりする方法（UI：ユーザーインターフェース）の類型の一つで、すべてのやり取りを文字によって行う方式。",
"LTE","Long Term Evolution","携帯電話・移動体データ通信の技術規格の一つで、3G（第3世代）の技術を高度化し、音声通話のデータへの統合やデータ通信の高速化を図ったもの。当初は3Gと4G（第4世代）の中間の世代とされていたが、現在では-Advancedと共に4Gの一つとされる。",
"トークン","token","証拠、記念品、代用貨幣、引換券、商品券などの意味を持つ英単語。ITの分野では、長いデータを最小の構成単位に分解したものや、何かの証や印になるようなデータや装置、器具などのことをということが多い。",
"DHCPサーバ","DHCP server","インターネットなどのIPネットワークに一時的に接続する機器に、IPアドレスなど必要な情報を自動的に発行するサーバ。",
"ステップ数","number of steps","コンピュータプログラムの規模を測る指標の一つで、何らかの意味のある処理を行っているソースコードの行数のこと。ソフトウェア開発の際の規模の見積もりや進捗管理などのために用いられることが多い。",
"デバッグ","debug","コンピュータプログラムに潜む欠陥を探し出して取り除くこと。",
"ハッシュ値","hash value","元になるデータから一定の計算手順により求められた固定長の値。その性質から暗号や認証、データ構造などに応用されている。を求めるための計算手順のことをハッシュ関数、要約関数、メッセージダイジェスト関数などという。",
"キャプチャ","capture","捕獲（する）、争奪（する）、占領（する）などの意味を持つ英単語。ITの分野では、何らかの対象が発する信号やデータなどを、装置やソフトウェアを用いて記録・保存するという意味で用いられる。",
"NAS","Network-Attached Storage","ネットワークに直接接続し、コンピュータなどからネットワークを通じてアクセスできる外部記憶装置（ストレージ）。企業や家庭内のLANで共有ファイルなどの保存に利用されたり、デジタルビデオレコーダー（HDDレコーダーやBlu-rayレコーダー）が動画の保存先として利用したりする。",
"スクラッチ開発","development from scratch","製品を開発する際に、すでに存在する何かを土台とせずにゼロから新たに作り上げること。",
"I/O","Input/Output","機器やシステムなどに、外部からデータや信号を入力（input）したり、外部に出力（output）したりすること。また、そのための回路や装置、ソフトウェアなどのこと。",
"BINファイル","BIN file","ファイル名の拡張子が「.bin」であるようなファイル。決まったファイル形式などはなく、バイナリ形式のデータやプログラムなどが格納されていることが多い。",
"プラグイン","plug-in","差し込む、差込口などの意味を持つ英単語。ITの分野では、ソフトウェアに機能を追加する小さなプログラムのことを指す場合が多い。",
"WAN","Wide Area Network","地理的に離れた地点間を結ぶ通信ネットワーク。建物内や敷地（キャンパス）内を結ぶLAN（Local Area Network）と対比される用語で、通信事業者が設置・運用する回線網のことを指すことが多い。",
"メソッド","method","方法、方式、手法、やり方、などの意味を持つ英単語。ITの分野では、オブジェクト指向プログラミングにおいて各オブジェクトに属する処理や操作のことや、通信プロトコルにおける要求の種類などのことをということが多い。一般の外来語としては、一定の形式として確立した奏法、教授法、指導法、その他様々な技法のことを「○○」のように言う。",
"アーカイブ","archive","保存記録、記録保管所、書庫、公文書館などの意味を持つ英単語。ITの分野ではデータを長期保存するための保管場所や記録形式、保管用にひとまとめに整理されたデータなどを指すことが多い。",
"バッファ","buffer","複数の主体がデータを送受信する際に、処理速度や転送速度の差、タイミングのズレなどを補うためにデータを一時的に蓄えておく記憶装置や記憶領域のこと。",
"ブロードキャストアドレス","broadcast address","ネットワーク内のすべての機器（ノード）にデータを一斉配信するために使われる特殊なアドレス。プロトコル（通信規約）ごとに形式が決まっている。",
"グリッド","grid","格子（状のもの）、方眼（状のもの）、送電網、配管網などの意味を持つ英単語。直線が縦横に規則正しく並んだ図形やそのような構造のもの、また、多数の対象を網目状に繋ぎあわせたものを意味することが多い。",
"EDID","Extended Display Identification Data","コンピュータやディスプレイなどの機器間で表示解像度やリフレッシュレートなどの動作設定に関する情報を交換するための標準データ形式の一つ。業界団体のVESAによって策定された。",
"ディレクトリ","directory","電話帳（phone〜）、住所録、名鑑、要覧、指導書、規則集などの意味を持つ英単語。IT関連では、多数の対象をその所在などの情報と共に一覧できるよう整理したものを意味することが多い。",
"サムネイル","thumbnail","画像などを一覧表示する際に用いられる、アイコン大に縮小された画像。原義は親指（thumb）の爪（nail）。",
"TPM","Trusted Platform Module","コンピュータのマザーボードなどに装着される、セキュリティ関連の処理機能を実装した半導体チップ。業界団体のTrusted Computing Group（TCG）が標準仕様を策定しており、パソコンの企業向けモデルなどに搭載されている。",
"ストレージ","storage","コンピュータの主要な構成要素の一つで、データを永続的に記憶する装置。磁気ディスク（ハードディスクなど）や光学ディスク（CD/DVD/Blu-ray Discなど）、フラッシュメモリ記憶装置（USBメモリ/メモリカード/SSDなど）、磁気テープなどがこれにあたる。",
"コンフィギュレーション","configuration","設定、構成、配置、構造、形状、形態などの意味を持つ英単語。「コンフィグ」（config）はその省略形。“conf” あるいは “cfg” などの略号で表されることもある。",
"SATA3","Serial ATA 3.0","コンピュータ本体とストレージ装置を接続するSATA（シリアルATA）規格の第3版。2009年にSATA-IO（Serial ATA International Organization）によって策定された。",
"ポップアップ","pop-up","コンピュータの操作画面で、最前面に飛び出すように現れるウィンドウなどの表示要素のこと。すでに表示されている他の要素に覆い被されるように出現し、利用者にメッセージを伝えたり特定の操作を促したりするために用いられることが多い。",
"RSS","RDF Site Summary","Webサイトの更新情報を配布するためのデータ形式の一つ。XMLベースのマークアップ言語で、更新された記事のタイトルやURL、更新日時、要約などを記述することができる。",
"WIP","Work In Progress","制作途上のもの、やりかけのもの、進行中の作業、工事中、作業中、などの意味を持つ英語表現。製造や会計の分野では仕掛品を指す。",
"DMA","Direct Memory Access","コンピュータシステム内でのデータ転送方式の一つ。CPUを介さずに周辺機器やメインメモリ（RAM）などの間で直接データ転送を行う方式。",
"プレフィックス","prefix","接頭辞、前につける、などの意味を持つ英単語。“prefix” の “pre” （「前」「先」などの意）のように、単語の先頭に付加して特定の意味を付け加える要素（接辞）のこと。",
"スキーマ","schema","図式、図解、概要、あらまし、などの意味を持つ英単語。物事や計画の概略や仕組み、構造、形式などを示したものを意味することが多い。ITの分野では英語読みのという表記が一般的だが、他分野の専門用語としてはドイツ語由来の「シェーマ」という表記が用いられることがある。",
"クエリ","query","質問（する）、照会（する）、問い合わせ（る）、尋ねる、疑問などの意味を持つ英単語。ITの分野では、ソフトウェアに対するデータの問い合わせや要求などを一定の形式で文字に表したものを指すことが多い。",
"ランタイム","runtime","開発したコンピュータプログラムを実行する時のこと。「実行時」と訳語を用いることも多い。対義語は「開発時」あるいは「コンパイル時」（compile-time/コンパイルが必要なプログラミング言語の場合）。",
"サンドボックス","sandbox","砂場、砂箱という意味の英単語で、コンピュータの分野では、ソフトウェアの特殊な実行環境として用意された、外部へのアクセスが厳しく制限された領域のことを指すことが多い。",
"ssh","Secure SHell","主にUNIXコンピュータで利用される、ネットワークを介して別のコンピュータにログインして操作するためのソフトウェアの一つ。通信経路が暗号化されるため、インターネットなどを経由しても安全にアクセスすることができる。",
"オーバーヘッド","overhead","間接費（の）、諸経費（の）、頭上（の）、天井などの意味を持つ英単語。",
"量子化ビット数","quantization bit rate","アナログ信号からデジタル信号への変換（A/D変換）の際に、信号を何段階の数値で表現するかを示す値。この値が大きいほど元の信号に忠実なデータが得られるが、データ量はその分増大する。",
"プロビジョニング","provisioning","設備やサービスに新たな利用申請や需要が生じた際に、資源の割り当てや設定などを行い、利用や運用が可能な状態にすること。対象や分野によってサーバ、ユーザー、サービスなどがある。",
"SEO","Search Engine Optimization","Webサイト運営者が行うサイト改善策の一つで、Web検索サイト（検索エンジン）の検索結果リストの上位に表示させるために様々な工夫を行うこと。",
"SOW","Statement Of Work","複数の主体が共同で進める事業・業務・プロジェクトなどにおいて、そのプロジェクトの目標や、成果物の定義や仕様、スケジュール、作業工程、作業内容、各主体の役割、分担、権限などを定義した文書。",
"スケーラビリティ","scalability","機器やソフトウェア、システムなどの拡張性、拡張可能性のこと。の高いことを「スケーラブルな」（scalable）と表現することもある。",
"PPPoEブリッジ","PPPoE bridge","家庭などでインターネット接続に用いられるブロードバンドルータなどが持つ機能の一つで、ネットワーク内部から外部へのPPPoE接続を中継する機能。",
"冗長化","redundantize","機器やシステムの構成要素について、同じ機能や役割の要素をあらかじめ複数用意しておき、異状が発生した時に肩代わりできるよう待機させておくこと。一部の機能が損なわれてもシステム全体が停止することを防ぎ、運用を継続することができる。システムの持つそのような性質を「冗長性」（redundancy）という。",
"TBD","To Be Determined","未定、未確定、未決定などの意味を持つ英語表現。単に決まっていないだけでなく、後で決める予定である、将来確定させるべきである、という含意がある。書類などを作成する際に、項目は挙がっているが発行・公表までに内容の確定が間に合わない場合などに記載される決まり文句である。",
"dpi","dots per inch","主にプリンタやイメージスキャナなどで使われる解像度の単位で、幅1インチ（約2.54cm）を何個の点（ドット）で表現できるかを表す値。この値が高いほど、より精細な印刷や読み取りが可能となる。",
"リファラ","referer","あるWebページのリンクをクリックして別のページに移動したときの、リンク元のページのこと。Webサーバのアクセスログに記録される項目の一つ。",
"UEFI","Unified Extensible Firmware Interface","コンピュータ内の各装置を制御するファームウェアとオペレーティングシステム（OS）の間の通信仕様を定めた標準規格の一つ。従来のBIOSに代わるもの。対応ファームウェアを指してと呼ぶこともある。",
"データ圧縮率","data compression ratio","データを圧縮した際に、圧縮後のデータが元のデータのどのくらいの情報量に減ったかを表す割合。圧縮後の量の元の量に対する割合を100倍したパーセンテージで表すことが多いが、削減された量の元の量に対する割合とすることもある。",
"ネットワーク","network","「網」という意味の英単語。網そのものを指す用法の他に、複数の要素が互いに接続された網状の構造のことを比喩的にという。",
"パス","path","小道、道筋、進路、通り道などの意味を持つ英単語で、ITの分野では、コンピュータ内で特定の資源の所在を表す文字列のことをという。ストレージ（外部記憶装置）内でファイルやディレクトリ（フォルダ）の位置を表すのに用いられるが、他の用途でも使われる。",
"タブ","tab","（書類などの）耳、つまみ、垂れ飾り、札などの意味を持つ英単語。",
"ダイナミックルーティング","dynamic routing","ルータなどが経路情報を互いに交換しあい、自動的に生成・更新し続ける経路表（ルーティングテーブル）に基づいて経路選択を行なうこと。",
"VMware ESXi","VMware ESX","米ヴイエムウェア（VMware）社のソフトウェア製品の一つで、一台の物理的なコンピュータを複数の仮想的なコンピュータに分割するハイパーバイザ（仮想マシンモニタ）。",
"ページング","paging","仮想記憶（仮想メモリ）の方式の一つで、メモリ領域をページと呼ばれる一定の大きさの領域に分割し、物理的なアドレス（番地）とは別に仮想的なアドレスを割り当てて管理する方式。細切れのメモリ空間を連結して一つの連続した空間として利用したり、補助記憶装置（ハードディスクなど）上にも仮想的なメモリ領域を確保することで、物理メモリの容量を超えてメモリ空間を利用することができる。ページの大きさはOSやハードウェアによって異なるが、現代では多くのシステムが4KBのページを採用している。",
"BLOB","Binary Large OBject","データベースのフィールド定義などで用いられるデータ型の一つで、テキスト（文字列）や整数のように既存のデータ型としては用意されていない任意のバイナリデータを格納するためのもの。",
"トリガー","trigger","引き金（を引く）、引き起こす、起動装置、作動させる、などの意味を持つ英単語。ITの分野では、きっかけになる出来事が起こったら自動的に特定の処理を起動するソフトウェアの仕組みなどをこのように呼ぶ。",
"JFIF","JPEG File Interchange Format","JPEG形式の画像データをファイルに記録するための形式を定めた標準規格の一つ。ファイル名の標準の拡張子は「.jpg」あるいは「.jpeg」。",
"DSP版","Delivery Service Partner version","米マイクロソフト（Microsoft）社のパソコン向けオペレーティングシステム（OS）製品であるWindowsの販売パッケージの一つで、コンピュータの部品とセットで販売されるもの。",
"COMポート","COM port","PC/AT互換機が備えるシリアルポート（RS-232Cポート）のMS-DOS（PC DOS）やWindowsにおける呼称。",
"スワップ","swap","交換（する）という意味の英単語。ITの分野では、OSがメインメモリとストレージの内容を入れ替える動作や、機器に装着された装置の交換、コンピュータプログラムで二つの変数や領域のデータを交換する処理などを指す。",
"バイナリファイル","binary file","特定の文字コードの範囲に収まらない任意のビット列を含むバイナリデータを保存したファイルのこと。テキストファイル以外のファイルはすべてであり、実行形式のプログラム、画像、音声、動画などのファイルの多くが該当する。",
"ミドルウェア","middleware","ソフトウェアの種類の一つで、オペレーティングシステム（OS）とアプリケーションソフトの中間に位置し、様々なソフトウェアから共通して利用される機能を提供するもの。OSが提供する機能よりも分野や用途が限定された、具体的・個別的な機能を提供する場合が多い。",
"クリティカルパス","critical path","プロジェクトの各工程を、プロジェクト開始から終了まで「前の工程が終わらないと次の工程が始まらない」という依存関係に従って結んでいったときに、所要時間が最長となるような経路のこと。その長さがプロジェクトの期間を表している。",
"ActiveXコントロール","ActiveX control","米マイクロソフト（Microsoft）社が開発した、ソフトウェアを部品化してWebブラウザ上で動的に導入・実行する技術。また、同技術に基づいて作成・配布されるソフトウェア部品。",
"TCP/IP","Transmission Control Protocol/Internet Protocol","インターネットなどで標準的に用いられる通信プロトコル（通信手順）で、TCP（Transmission Control Protocol）とIP（Internet Protocol）を組み合わせたもの。また、TCPとIPを含む、インターネット標準のプロトコル群全体の総称。",
"バイト","byte","情報量の単位の一つで、8ビットのこと。2進数で8桁の数を表すことができる情報量で、256種類（2の8乗）の異なる状態を表現することができる。",
"スタンドアローン","stand-alone","機器やソフトウェア、システムなどが、外部に接続あるいは依存せずに単独で機能している状態のこと。",
"ラッチ","latch","かんぬき、掛け金（がね）という意味の英単語。ITの分野では何らかの対象を固定したり保護する仕組みのことを比喩的にという。",
"バンドル","bundle","束（ねる）、塊などの意味を持つ英単語で、単体でも提供可能な製品やサービスを、複数組み合わせてセットで販売したり、別の製品やサービスに付属して販売、提供することをこのように呼ぶ。",
"WAV","Waveform Audio File Format","音声データを記録するためのファイル形式の一つ。Windowsが標準で対応している形式として有名で、ファイル名の標準の拡張子は「.wav」。",
"MIME","Multipurpose Internet Mail Extensions","TCP/IPネットワーク上でやり取りする電子メールで、当初の規格で唯一記載することができたASCII英数字以外のデータ（各国語の文字、添付ファイルなど）を取り扱うことができるようにする拡張仕様。",
"B to C","Business-to-Consumer","企業と個人（消費者）間の商取引、あるいは、企業が個人向けに行う事業のこと。一般消費者向けの製品の製造・販売や、消費者向けサービスの提供、個人と金融機関の取引などがこれに含まれる。消費者向け事業が主体の企業のことを企業ということがある。",
"UDF","Universal Disk Format","CDやDVDなど光学ディスク記憶媒体向けのファイルシステムの一つ。1995年に業界団体のOSTA（Optical Storage Technology Association）が策定した規格で、その後ISOおよびIECがISO/IEC 13346として、Ecma InternationalがECMA-167として標準化した。",
"物理アドレス","physical address","機器やデータの識別符号や所在情報（アドレス）のうち、何らかの物理的な実体に紐付けて割り当てられた、あるいは、装置の物理的な構造における位置を指し示したもの。",
"スループット","throughput","機器や通信路などの性能を表す特性の一つで、単位時間あたりに処理できる量のこと。ITの分野では、コンピュータシステムが単位時間に実行できる処理の件数や、通信回線の単位時間あたりの実効伝送量などを意味することが多い。",
"プログラミング","programming","コンピュータに意図した動作を行わせるために、まとまった処理手順を作成し、与えること。作成された手順のことをコンピュータプログラム（computer program）あるいは単にプログラムという。を行う人や職種のことをプログラマ（programmer）という。",
"ONU","Optical Network Unit","光ファイバーを用いた加入者回線網（公衆回線網）において、加入者宅に設置される光回線の終端装置。",
"イントラネット","intranet","TCP/IPなどのインターネット標準の技術を用いて構築された組織内ネットワークのこと。“intra-” は「中の」「〜内」を意味する接頭辞。",
"量子化誤差","quantization error","アナログ信号をデジタル信号に変換する際に生じる誤差の一種で、元の信号レベルとデジタル化した後の数値の間に生じる誤差のこと。",
"ヘッダ","header","データや文書の本体の先頭に付け加えられる、そのデータや文書自体についての情報を記述した部分のこと。",
"WBS","Work Breakdown Structure","プロジェクトマネジメントで計画を立てる際、プロジェクト全体を細かい作業に分割した構成図のこと。大きな単位から小さな単位へ段階的に分割し、階層構造で表される。",
"プログラムカウンタ","program counter","マイクロプロセッサ（MPU/CPU）内部でデータを保持するレジスタの一種で、次に実行すべき命令が格納されているメモリ上の番地（アドレス）を保存しているもの。また、その保存しているアドレス値。「PC」と略記されることもある。",
"XML","Extensible Markup Language","文書やデータの意味や構造を記述するためのマークアップ言語の一つ。マークアップ言語とは、「タグ」と呼ばれる特定の文字列で地の文に情報の意味や構造、装飾などを埋め込んでいく言語のことで、はユーザが独自のタグを指定できることから、マークアップ言語を作成するためのメタ言語とも言われる。",
"システムインテグレーション","System Integration","顧客の使用する情報システムの企画、設計、開発、構築、導入、保守、運用などを一貫して請け負うサービス。これらの工程のうちのいくつかを請け負う場合もある。そのような業務を請け負う事業者を「システムインテグレータ」（SIer：System Integrator）という。",
"ステークホルダー","stakeholder","企業などの組織、あるいはその活動について何らかの関わりや影響があり、利益を得たり損害を被る人や組織などの総称。",
"SDK","Software Development Kit","あるシステムに対応したソフトウェアを開発するために必要なプログラムや文書などをひとまとめにしたパッケージのこと。システムの開発元や販売元が希望する開発者に配布あるいは販売する。近年ではインターネットを通じてダウンロードできるようWebサイトで公開されることが多い。",
"トラフィック","traffic","交通（量）、通行（量）、往来などの意味を持つ英単語。ITや通信の分野では、通信回線やネットワーク上で送受信される信号やデータのことや、その量や密度のことをということが多い。",
"P2P","Peer to Peer","ネットワーク上で機器間が接続・通信する方式の一つで、機能に違いのない端末同士が対等な関係で直に接続し、互いの持つデータや機能を利用しあう方式。また、そのような方式を用いるシステムやソフトウェアなどのこと。",
"DNS","Domain Name System","インターネットなどのIPネットワーク上でドメイン名（ホスト名）とIPアドレスの対応関係を管理するシステム。利用者が単なる番号列であるIPアドレスではなく、日常使っている言語の文字を組み合わせた認識しやすいドメイン名でネットワーク上の資源にアクセスできるようにする。",
"バッチ処理","batch processing","複数のプログラムからなる作業において、あらかじめ一連の手順を登録しておき、まとめて連続的に実行する方式。または、一定期間や一定量ごとにデータをまとめて一括して処理する方式。",
"ウェルノウンポート","well-known ports","TCP/IPによる通信で利用されるTCPやUDPのポート番号のうち、著名なサービスやプロトコルが利用するために予約されている0番から1023番のこと。",
"ISOファイル","ISO file","ISO 9660形式の光学ディスク（CD/DVD/Blu-ray Disc）一枚の内容を、丸ごと一つのファイルに記録したもの。また、そのようなファイル形式。ISO 9660を拡張したUDF（Universal Disk Format）で作成されたディスクの場合でも、便宜上と呼ぶ。",
"CRLF","Carrige Return / Line Feed","テキスト（文字）データの中で改行を指示する特殊な文字コードの組み合わせで、CR（Carriage Return：行頭復帰/コード0x0D）とLF（Line Feed：改行/コード0x0A）をこの順に繋げたもの。正規表現では「￥r￥n」と表記する。",
"GIF","Graphics Interchange Format","画像データを圧縮して記録するファイル形式の一つ。256色までの画像を無劣化（lossless）で圧縮することができ、図やイラストなどの画像に向いている。ファイル名の標準の拡張子は「.gif」。",
"トロイの木馬","Trojan Horse","何らかの有用なソフトウェアなどを装って導入や実行を促し、起動すると利用者に気付かれないよう秘密裏にデータ漏洩や遠隔操作などの有害な動作を行うソフトウェア。名称の由来は古代ギリシャ神話のトロイア戦争において、兵士が大きな木馬の中に隠れて敵方の中枢部に忍び込んだ逸話から。",
"有機ELディスプレイ","organic electroluminescent display","ある種の有機化合物を用いた層状の構造体に電圧をかけると発光する有機EL（エレクトロルミネッセンス）現象を応用した表示装置。コンピュータ用ディスプレイや薄型テレビ、スマートフォンなどの携帯情報機器の画面として利用されている。",
"ルータ","router","コンピュータネットワークの中継・転送機器の一つで、データの転送経路を選択・制御する機能を持ち、複数の異なるネットワーク間の接続・中継に用いられるもの。",
"チャレンジ/レスポンス認証","challenge and response authentication","通信回線やネットワークを介して利用者の認証を行う際に、パスワードなどの秘密の情報を直接やり取りすることなく確認する方式の一つ。暗号学的ハッシュ関数の性質を利用して、パスワードそのものは回線に流さずにパスワードを知っていることを証明する。",
"PoC","Proof of Concept","新しい概念や理論、原理などが実現可能であることを示すための簡易な試行。一通り全体を作り上げる試作（プロトタイプ）の前段階で、要となる新しいアイデアなどの実現可能性を示すためだけに行われる、不完全あるいは部分的なデモンストレーションなどを意味する。",
"AAC","Advanced Audio Coding","動画データの圧縮方式の標準であるMPEG-2およびMPEG-4の一部として規定されている、音声データの圧縮方式の一つ。単体で保存する際の標準のファイル拡張子は「.aac」だが、WAVや3GPなどのコンテナ形式に格納される場合もある。",
"UAT","User Acceptance Test","情報システムの開発を外部に委託した場合に、その最終段階で発注元（ユーザ企業）側が完成したシステムの納品を受け付けるか否かを判定するための試験。このテストにパスすると開発は終了となり、納品および業務への導入、利用開始となる。",
"マージ","merge","融合する、併合する、合併する、混合する、結合する、統合する、などの意味を持つ英単語。ITの分野では、複数のファイルやデータ、プログラムなどを、決められたルールに従って一つに統合することをということが多い。",
"MTU","Maximum Transmission Unit","通信機器などが一度に送信できる最大のデータ量。また、その設定値。送りたいデータの量がを超える場合はごとに分割して複数回に分けて送信する。",
"UASP","USB Attached SCSI Protocol","コンピュータ本体と周辺機器の接続によく用いられるUSBの拡張仕様の一つで、ハードディスクなどのストレージ（外部記憶装置）のデータ転送を効率化して実効速度を高めるもの。USB 2.0以降で利用できる。",
"ブロードキャスト","broadcast","放送（する）という意味の英単語で、通信・ネットワークの分野ではネットワークに参加するすべての機器に同時に信号やデータを送信することを意味する。",
"AR","Augmented Reality","現実の環境から視覚や聴覚、触覚などの知覚に与えられる情報を、コンピュータによる処理で追加あるいは削減、変化させる技術の総称。",
"メールアカウント","mail account","電子メールシステムを使用するための利用権。メールアドレスやユーザーIDなどの識別情報と、パスワードなど本人確認のための認証情報、メールサーバの設定情報などで構成される。",
"シーケンス番号","sequence number","TCPで送信されるパケットに付けられる通し番号。受信側ではを参照することによりパケットの正しい順番や通信途上でのパケットの欠落を知ることができる。",
"拡張子","extension","コンピュータのストレージ（外部記憶装置）に記録されたファイル名のうち、「.」（ドット/ピリオド）で区切られた右側の部分。「新しいテキスト ドキュメント.txt」というファイル名のは「txt」である。",
"メタデータ","metadata","データについてのデータ。あるデータそのものではなく、そのデータを表す属性や関連する情報を記述したデータのこと。データを効率的に管理したり検索したりするためには、の適切な付与と維持が重要となる。",
"デコード","decode","一定の規則や方式に基づいて符号（コード）の集まりに変換されたデータに対し、符号化時とは逆方向の変換を行い、元のデータを復元すること。そのような処理を行う装置や電子回路、ソフトウェア、システムなどのことは「デコーダ」（decoder）という。",
"アクセシビリティ","accessibility","近づきやすさ、利用しやすさ、などの意味を持つ英単語で、ITの分野では機器やソフトウェア、システム、情報などが身体の状態や能力の違いによらず様々な人から同じように利用できる状態やその度合いのことを指す。",
"アドレス","address","住所、番地、宛名、などの意味を持つ英単語。ITの分野では、人間や機器、データなどの所在を表す文字列や番号、ビット列などの識別符号をと呼ぶことが多い。",
"オペランド","operand","数式を構成する要素のうち、演算の対象となる値や変数、定数などのこと。プログラミングの分野ではこれに加えて、プログラム中の個々の命令・処理の対象となるデータや、データの所在情報などのこともという。",
"ROI","Return On Investment","投下した資本に対して得られる利益の割合。事業などから得られた利益額を、そのために費やした投資額で割ったもの。一般には割合の値に100を乗じてパーセンテージで表すことが多い。",
"PHP","PHP : Hypertext Preprocessor","Webサーバの機能を拡張し、動的にWebページを生成するために用いられるプログラミング言語の一つ。いわゆるスクリプト言語あるいは軽量言語（LL：Lightweight Language）の一つで、実行環境をWebサーバに組み込んで利用されることが多い。",
"デプロイ","deploy","配備する、配置する、展開する、配置につく、などの意味を持つ英単語。ITの分野では開発したソフトウェアを実際の運用環境に配置・展開して実用に供することを指す場合が多い。",
"ハードウェア","hardware","システムの構成要素のうち、回路や装置、機器、設備、施設など、物理的な実体を伴うもの。「HW」「H/W」などの略号で示されることもある。",
"オフセット","offset","埋め合わせ（る）、相殺する（もの）、補う、補正（する）、補正値、代償、分派などの意味を持つ英単語。ITの分野では、何かの位置を指し示す際に、基準となる位置からの差（距離、ズレ、相対位置）を表す値のことをということが多い。",
"コンテンツ","content","中身、内容（物）、容量、項目、意味、満足させる、満足（感）、充足（感）などの意味を持つ英単語。",
"プロンプト","prompt","利用者がコンピュータに文字で命令を打ち込んで操作するコマンドラインインターフェース（CLI：Command Line Interface）において、システムが入力を受け付けられる状態であることを示す短い文字や記号の並び。",
"TLS","Transport Layer Security","インターネットなどのTCP/IPネットワークでデータを暗号化して送受信するプロトコル（通信手順）の一つ。データを送受信する一対の機器間で通信を暗号化し、中継装置などネットワーク上の他の機器による成りすましやデータの盗み見、改竄などを防ぐことができる。SSLの後継規格。",
"DMZ","DeMilitarized Zone","インターネットなどに接続されたネットワークで、ファイアウォールなどの機器を用いて外部と内部の両ネットワークの中間に設けられたネットワーク領域のこと。もとは軍事用語で、紛争地域の軍事境界線付近に設定された軍事活動の禁じられた地域のことを指す。",
"オンデマンド","on demand","「要求に応じて」という意味の英語表現で、利用者の要求に応じてその都度サービスや製品を提供する方式のこと。",
"ラウンドロビン","round robin","総当たり戦、傘連判状、持ち回り、などの意味を持つ英単語。ITの分野では、複数の主体や対象を順繰りに（同じ順序で循環的に）指名したり割り当てたりすることを指す。",
"データクレンジング","data cleansing","データベースなどに保存されているデータの中から、重複や誤記、表記の揺れなどを探し出し、削除や修正、正規化などを行ってデータの品質を高めること。",
"cron","crond","多くのUNIX系OSで標準的に利用される常駐プログラム（デーモン）の一種で、利用者の設定したスケジュールに従って指定されたプログラムを定期的に起動してくれるもの。",
"クロスコンパイル","cross compile","ソースコードを元に、開発に使用している機種やOSとは異なる環境向けに実行可能なコードを生成すること。生成した実行可能形式のプログラムは、開発機でターゲット環境のエミュレータを用いて実行したり、ターゲット環境に転送して実行する。",
"L3スイッチ","L3 switch","ネットワークの中継機器の一つで、プロトコル階層でいうネットワーク層（第3層）とリンク層（第2層）の両方の制御情報に基づいてデータの転送先の決定を行うもの。",
"スタック","stack","最も基本的なデータ構造の一つで、要素が入ってきた順に一列に並べ、後に入れた要素から順に取り出すという規則で出し入れを行うもの。本や書類、箱などを積み上げて置く（stack）ことになぞらえてこのように呼ばれる。",
"WWAN","Wireless Wide Area Network","無線通信による広域データ通信ネットワーク。また、そのようなネットワークに接続できる通信サービス。",
"アドミニストレータ","administrator","管理者、行政官、管財人などの意味を持つ英単語で、ITの分野ではコンピュータや通信機器、オペレーティングシステム（OS）などを管理する人や役職のことをこのように呼ぶ。管理に必要なシステム上の特権的・優越的な権限を与えられた人やユーザーアカウントを指すこともある。",
"ドライバ","driver","運転手、操縦者、駆動装置、推進力などの意味を持つ英単語。",
"GPL","GNU General Public License","ソフトウェアの利用許諾条件などを定めたライセンスの一つ。主にフリーソフトウェアの開発・配布のために用いられるもので、FSF（Free Software Foundation）が公開している。",
"OFDM","Orthogonal Frequency Division Multiplexing","デジタル変調方式の一つで、隣り合う周波数の搬送波同士の位相を互いに直交させて周波数帯域の一部を重なり合わせ、高密度な周波数分割を行う手法。",
"サービス","service","役務、業務、奉仕、貢献などの意味を持つ英単語。",
"オンプレミス","on-premises","企業などの組織における情報システムの設置形態の分類で、自社施設の構内に機器を設置してシステムを導入・運用すること。外部の事業者が用意した機材やソフトウェアを通信回線を経由して利用する「クラウド」型（システム/サービス）の対義語。",
"16進数","hexadecimal number","基数を十六とした数値の表現方法。桁が一つ移動する毎に値の重みが十六倍または十六分の一倍になる。",
"パーサ","parser","コンピュータプログラムのソースコードやXML文書など、何らかの言語で記述された構造的な文字データを解析し、プログラムで扱えるようなデータ構造の集合体に変換するプログラムのこと。そのような処理のことを「構文解析」「パース」（parse）という。",
"DVDスーパーマルチドライブ","DVD Super Multi drive","様々な規格に対応したDVDドライブの種類の一つで、DVD-ROM、DVD±R、DVD±RW、DVD-RAMに対応したもの。",
"添字","subscript","文字の周囲に小さく添えられた文字。ITの分野では、プログラミングにおいて配列などに格納された個々の要素を指し示す値などをこのように呼ぶ。",
"エミュレータ","emulator","ある装置やソフトウェア、システムの挙動を模倣し、代替として用いることができるソフトウェアなどのこと。そのように擬似的に別の装置やソフトウェアの環境を再現することを「エミュレーション」（emulation）という。",
"ログローテーション","log rotation","システムが残す時系列の記録データ（ログ）が際限なく増えることを防ぐために、一定の容量や期間ごとに古いログを削除したり新しいログで上書きすること。また、そのような機能。",
"レイヤー","layer","層、階層、層にする、層をなす、などの意味を持つ英単語。何かの構造や設計などが階層状になっているとき、それを構成する一つ一つの階層のことをという。",
"FAT32","File Allocation Table 32","Windowsで標準的に利用されるファイルシステムの一つで、初期のFAT仕様を拡張してより大容量のストレージ（外部記憶装置）を扱えるようにしたもの。1996年に登場したWindows 95 OSR2で初めて導入された。",
"LDAP","Lightweight Directory Access Protocol","インターネットなどのTCP/IPネットワークでディレクトリサービスにアクセスするための通信プロトコルの一つ。",
"ISP","Internet Services Provider","公衆通信回線などを経由して契約者にインターネットへの接続を提供する事業者。「プロバイダ」と略称されることが多い。",
"ベリファイ","verify","検証する、立証する、実証する、確かめる、確認する、照合する、などの意味を持つ英単語。“verification” はその名詞形。何かが正しいことを証拠を示して立証したり、調査や比較、照合などを行って確かめたりすることを指す場合が多い。",
"CUI","Character-based User Interface","コンピュータやソフトウェアが利用者に情報を提示したり操作を受け付けたりする方法（UI：ユーザーインターフェース）の類型の一つで、すべてのやり取りを文字によって行う方式。",
"非機能要件","non-functional requirement","情報システムやソフトウェアの開発に際して定義される要件のうち、機能面以外のもの全般。性能や信頼性、拡張性、運用性、セキュリティなどに関する要件が含まれる。",
"デジタルデバイド","digital divide","コンピュータやインターネットなどの情報技術（IT：Information Technology）を利用したり使いこなしたりできる人と、そうでない人の間に生じる、貧富や機会、社会的地位などの格差。個人や集団の間に生じる格差と、地域間や国家間で生じる格差がある。",
"ハイパーリンク","hyperlink","文書データなどの情報資源の中に埋め込まれた、他の情報資源に対する参照情報。また、そのような参照が設定された、文字や画像など文書内の要素のこと。単に「リンク」（link）と略して呼ぶことが多い。",
"ランレングス圧縮","Run Length Encoding","最も基本的な圧縮アルゴリズムの一つで、連続して現れる符号を、繰り返しの回数を表す値に置き換える方式。圧縮によって内容を損なわない可逆圧縮を行う。",
"WPA3","Wi-Fi Protected Access 3","無線LAN（Wi-Fi）上で通信を暗号化して保護するための技術規格の一つで、WPA2の後継。また、通信機器などが同規格に準拠していることを認定する認証制度。業界団体のWi-Fi Allianceが2018年6月に発表した。",
"DFS","Distributed File System","Windows Serverのネットワーク機能の一つで、複数のコンピュータに存在する共有フォルダなどを一元的に管理するもの。主な機能として名前空間とレプリケーションの二つが提供されている。",
"エンコード","encode","情報を一定の規則に従ってデータに置き換えて記録すること。また、ある形式のデータを一定の規則に基づいて別の形式のデータに変換すること。データ圧縮や暗号化などもこれに含まれる。を行う装置やソフトウェアを「エンコーダ」（encoder）という。されたデータを前の情報やデータに戻すことを「デコード」（decode：復号）という。",
"フレームワーク","framework","枠組み、骨組み、骨格、下部構造、構造、組織などの意味を持つ英単語。ITの分野では、問題に取り組むための概念や方法を体系化した枠組みのことや、ソフトウェア開発の土台となるプログラム部品などを指すことが多い。",
"インタプリタ","interpreter","人間に分かりやすい高水準プログラミング言語（高級言語）で書かれたコンピュータプログラムを、コンピュータが解釈・実行できる形式に変換しながら同時に少しずつ実行していくソフトウェア。英語の原義は「通訳者」。",
"RTT","Round-Trip Time","通信相手に信号やデータを発信してから、応答が帰ってくるまでにかかる時間。相手との物理的な距離や、経路上で中継・転送する装置などの数や処理時間に左右される。",
"VOBファイル","Video OBject file","DVD-Videoで動画や音声のデータが記録されたファイル。ファイル名の拡張子が「.vob」であるためこのように呼ばれる。DVDプレーヤーやDVD再生ソフトなどで読み込んで内容を再生する。",
"ベースバンド","baseband","通信において送りたい情報をそのまま表した信号の占める周波数帯域のこと。これをそのまま伝送媒体に送信して通信する方式を伝送という。",
"ヒューリスティック評価法","heuristic evaluation method","Webサイトなどのユーザビリティ（使い勝手や分かりやすさ）を評価する手法の一つで、制作者や専門家がガイドラインや自身の経験則などに照らして評価する方式。",
"インデント","indent","文章の行頭に空白を挿入して先頭の文字を右に押しやること。また、そのために左端に挿入された空白や、テキストエディタやワープロソフトの持つ字下げ機能のこと。",
"RDBMS","Relational DataBase Management System","リレーショナルデータベースを管理するための専用のソフトウェア。",
"10進数","decimal number","数を書き表す方法（記数法）の一つで、基数を十とした表記法のこと。人間が普段最も一般的に利用している位取り記数法で、通常、アラビア数字の「0」から「9」までのすべての数字を用いて数を表現する。",
"バリデーション","validation","検証、実証、認可、妥当性確認などの意味を持つ英単語。ITの分野では、対象がその仕様や文法などに照らして適切に記述・構築されているか否かを検証するという意味で用いられることが多い。",
"TIFF","Tagged Image File Format","様々な符号化方式に対応した、ビットマップ形式の画像データを保存するためのファイル形式の一つ。ファイル名の標準の拡張子は「.tif」あるいは「.tiff」。",
"コンテナ","container","入れ物、箱、容器などの意味を持つ英単語。ITの分野では何らかの入れ物のような働きをする要素や仕組みなどを比喩的にと呼ぶことが多い。",
"ALU","Arithmetic and Logic Unit","コンピュータを構成する基本的な装置の一つで、算術演算（四則演算）や論理演算などの計算を行う装置。現代のコンピュータでは制御装置とともにマイクロプロセッサ（CPU/MPU）などの論理回路の一部として実装されている。",
"2000年問題","Year 2000 Problem","西暦2000年以前に開発・運用されていたコンピュータシステムの一部が日付データの年号部分を西暦の下二桁で管理しており、1999年から2000年になると同時に一斉に異常が生じ社会を混乱させるとされた問題。日本では西暦2000年1月1日午前0時および同午前9時（協定世界時における1月1日午前0時）が問題の瞬間だった。",
"パッケージ","package","荷物、小包、筐体、一括などの意味を持つ英単語。ITの分野では、関連する様々な要素を一つにまとめたもの、複数の製品を組み合わせた複合的な製品、市販・出来合いの製品などの意味で使われる。“pkg”などの略号で示されることもある。",
"ウィンドウ","window","「窓」という意味の英単語。コンピュータの操作画面上で個々のソフトウェアに割り当てられた矩形の表示領域をという。",
"マクロ","macro","関連する複数の操作や手順、命令などを一つにまとめ、必要に応じて呼び出すことができるようにする機能のこと。",
"CD","Compact Disc","薄い樹脂製の円盤（ディスク）の表面に微細な加工を施し、高速で回転させてレーザー光を照射することで信号の読み書きを行う光ディスクの一つ。1980年にソニーと蘭フィリップス（Philips）社が開発した。",
"スタブ","stub","切り株、半券、（何かが減ったり短くなった）残り、などの意味を持つ英単語。ITの分野では、本物が用意できないときに動作に支障が無いようにとりあえず置いておく代用品という意味で用いられることが多い。",
"ワイルドカード","wild card","トランプなどのカードゲームで、万能の効力を持つ、あるいは他の任意のカードの代わりとして使用できる特別なカードのこと。転じて、人や集団、物、事について、不確実な要素、まったく予測不能な要素、鍵を握る重大な要素などのことを比喩的に表す。",
"デフォルト","default","欠席、怠慢、不履行、棄権、初期値、既定値などの意味を持つ英単語。ITの分野では、利用者が何も操作や設定を行わなかった際に使用される、あらかじめ組み込まれた設定値などを意味する。",
"Webメール","webmail","Webブラウザで電子メールの閲覧や送受信ができるシステムやサービス。メールソフト（メールクライアント）に相当する機能をWebアプリケーションとして実装したもので、Webブラウザがあればどんな環境からでもメールが利用できる。",
"FOTA","Firmware Over-The-Air","スマートフォンなどの携帯機器や車載機器のファームウェアを無線通信によって配布・更新すること。",
"オンライン","online","コンピュータなどの機器がネットワークに接続された状態、あるいは、通信回線を通じて別のコンピュータなどに接続された状態のこと。現代では特にインターネットに接続された状態のことを指すことが多い。対義語は「オフライン」（offline）あるいは「スタンドアローン」（stand alone）。また、通信やネットワークとは無関係に、「コンピュータ上で」「即座に」「状況に即して」などの意味で用いられることもある。",
"クロック周波数","clock frequency","電子基板や半導体チップなどの内部で、複数の電子回路が信号を送受信するタイミングを揃えるための周期的な電気信号（クロック信号）を、単位時間あたり何回発振するかを表す値のこと。単位は「Hz」（ヘルツ）。",
"SMTP","Simple Mail Transfer Protocol","インターネットなどのTCP/IPネットワークで標準的に用いられる、電子メール（eメール）を伝送するための通信手順（プロトコル）の一つ。",
"アクセスポイント","Access Point","通信ネットワークの末端でコンピュータなどからの接続要求を受け付け、ネットワークへの通信を仲介する施設や機器のこと。",
"ディスプレイ","display","表示（する）、展示（する）、陳列（する）、掲示（する）、露呈（する）、誇示（する）、展示品、飾り付け、見せる、示す、などの意味を持つ英単語。ITの分野では、コンピュータなど情報機器の出力装置の一つで、画面を発光させて像を映し出す表示装置（display device、装置）のことをと呼ぶ。「モニター」（monitor）とも呼ばれる。",
"同期","synchronization","複数の主体の間で周期やタイミング、内容などを一致させること。一般的には「同じ時期」を表すことが多いが、ITの分野での用法はこれとは異なる。対義語は「非」。",
"Windowsエクスプローラ","Windows Explorer","Windowsの機能の一つで、利用者にシステムの基本的な操作画面や、ストレージ（外部記憶装置）内のファイルやフォルダの管理機能などを提供するもの。OSの構成要素のうち「シェル」（shell）と呼ばれるもので、グラフィック表示による操作画面（GUI：Graphical User Interface）を提供する。",
"エンドツーエンド","end to end","「両端で」「端から端まで」という意味の英語表現。ITの分野では、通信を行う二者、あるいは、二者間を結ぶ経路全体を指すことが多い。",
"WMA","Windows Media Audio","米マイクロソフト（Microsoft）社が開発した音声データの圧縮符号化方式。単体で保存する際の標準のファイル拡張子は「.wma」で、動画に付随する音声として動画ファイルに保存される場合もある。同社のWindowsなどが標準で対応している。",
"ダイナミックディスク","dynamic disk","Windowsのストレージ管理方式の一つで、領域の分割や統合を柔軟に、動的に行うことができる方式。基本的な管理方式であるベーシックディスクと対比される。",
"PCM","Pulse Code Modulation","音声などのアナログ信号をデジタルデータに変換する方式の一つ。信号の強度を一定周期で標本化（サンプリング）したもの。そのまま保存すれば無圧縮データとなる。",
"ライブラリ","library","図書館、図書室、資料室、書庫、書斎、蔵書、文庫、選書、双書などの意味を持つ英単語。",
"シンクライアント","thin client","企業や官庁などの情報システムで、利用者が操作するコンピュータ（クライアント）に最低限の機能しか持たせず、サーバコンピュータが集中的にソフトウェアやデータなどの資源を管理する方式。また、そのような機能を絞った低価格のクライアント専用機器。",
"APOP","Authenticated Post Office Protocol","電子メールの受信に用いる通信規約（プロトコル）であるPOP3において、パスワードの送信を暗号化して安全性を高める方式。",
"クラウドコンピューティング","cloud computing","コンピュータの機能や処理能力、ソフトウェア、データなどをインターネットなどの通信ネットワークを通じてサービスとして呼び出して遠隔から利用すること。そのようなサービスやシステムを「クラウドサービス」「クラウドシステム」と呼び、これらを略して単にクラウドということもある。",
"インプリメント","implement","実行する、実装する、履行する、満たす、などの意味を持つ英単語。“implementation” はその名詞形。ITの分野では、ある機能や技術などを、その仕様や規格、設計などに基づいて、実際に機能する実物として開発したり組み込んだりすることを指すことが多い。「実装」（する）と訳される場合もある。",
"オーバーライド","override","乗り越える、〜に優先する、覆す、圧倒する、などの意味を持つ英単語。ITの分野では、ある場所で定義された設定や手続き、属性などを、別の定義で上書きすることを指すことが多い。",
"トレーサビリティ","traceability","過程や来歴などが追跡可能である状態のこと。一般の外来語としては、消費財や食品などの生産・流通の過程を履歴として統一的に記録し、消費者などが後から確認できること、および、そのような制度やシステムを意味することが多い。",
"ハッシュ化","hashing","元のデータから一定の計算手順に従ってハッシュ値と呼ばれる規則性のない固定長の値を求め、その値によって元のデータを置き換えること。パスワードの保管などでよく用いられる手法である。",
"スキャン","scan","走査（する）、精査（する）、検査（する）、見渡す、詳しく調べる、などの意味を持つ英単語。端から端まで順番に調べる、取り込む、といったニュアンスがある。を行なう装置やソフトウェア、システムを「スキャナ」（scanner）という。",
"fps","frames per second","動画のなめらかさを表す単位の一つで、画像や画面を1秒間に何回書き換えているかを表したもの。30の動画は1秒あたり30枚の静止画で構成され、約0.033秒（33ミリ秒）ごとに画像を切り替えて再生される。",
"パケットロス","packet loss","ある通信主体から発信されたパケットが、ネットワークの転送経路の途上で喪失し、宛先に指定された相手方まで届かないこと。",
"ユーザーアカウント","user account","コンピュータやネットワークなどを許可された人のみが利用できるようにするために登録される利用者の識別情報や資格情報のセット。単にアカウント（account：「口座」の意）と呼ばれることも多い。",
"USB","Universal Serial Bus","主にコンピュータと周辺機器を繋ぐのに用いられるデータ伝送路の標準規格の一つ。キーボードやマウス、プリンタなどの接続方式として広く普及している。",
"マルチスレッド","multi-thread","一つのコンピュータプログラムを実行する際に、複数の処理の流れを並行して進めること。また、そのような複数の処理の流れ。",
"リバースエンジニアリング","reverse engineering","出荷された製品を入手して分解や解析などを行い、その動作原理や製造方法、設計や構造、仕様の詳細、構成要素などを明らかにすること。",
"ローダー","loader","コンピュータプログラムの種類や機能の一つで、データやプログラムを外部から読み込む（load：ロードする）もの。対象により「ブート」「画像」「クラス」などのように呼ぶ。",
"標本化定理","sampling theorem","アナログ信号をデジタル信号に正確に変換するには、元の信号の最大周波数の2倍のサンプリング周波数で標本化すればよいことを示した定理。",
"CRTディスプレイ","CRT display","CRT（ブラウン管）を利用した画面表示装置。表示原理はブラウン管テレビと同じで、大きな真空管の奥に備え付けた電子銃から電子ビームを発射し、これを側面の偏光ヨークと呼ばれる電磁石から生じる磁界（電界を用いる装置もある）で曲げて、装置前面の蛍光幕に衝突させて発光させる。",
"開発環境","development environment","機器やソフトウェア、システムを開発するために必要な機材やソフトウェアなどの組み合わせ。また、それらを組み合わせて構成された、開発者の作業環境。",
"ストリーム","stream","小川、流れ、連続などの意味を持つ英単語で、ITの分野では連続したデータの流れや、データの送受信や処理を連続的に行うことなどを意味する。",
"WMV","Windows Media Video","米マイクロソフト（Microsoft）社が開発した動画データの圧縮符号化方式および圧縮・展開ソフトウェア（コーデック）の一つ。2000年代前半に同社が推進していたWindows Media Formatの中核を構成する動画形式である。",
"ERP","Enterprise Resource Planning","企業の持つ資金や人材、設備、資材、情報など様々な資源を統合的に管理・配分し、業務の効率化や経営の全体最適を目指す手法。また、そのために導入・利用される業務横断型の業務ソフトウェアパッケージ（パッケージ）のこと。",
"PCIバス","Peripheral Component Interconnect","コンピュータ内部で装置間を結ぶデータ伝送路（バス）の規格の一つで、主にCPU（マイクロプロセッサ）と周辺機器などを接続するためのもの。2000年前後にパソコン向けの拡張カード接続仕様の事実上の標準として普及していた。",
"バックエンド","back end","後部（の）、後端（の）、後置（の）、後工程（の）、最終段階（の）、などの意味を持つ英単語。ソフトウェアやシステムの構成要素のうち、利用者や他のシステム、ソフトウェアなどから見えないところでデータの処理や保存などを行う要素のことをこのように呼ぶ。",
"マスク","mask","覆面（をかぶる）、仮面（をつける）、隠す、などの意味を持つ英単語。ITの分野では、対象の特定の部位を処理や加工から保護する覆いの役割を果たすものをということが多い。",
"GPU","Graphics Processing Unit","コンピュータに搭載される半導体チップの一種で、画面表示や画像処理に特化した演算装置。特に、3次元グラフィックス（3DCG）描画や動画の圧縮・展開などに必要な演算を高速化する並列処理に優れた構造のもの。",
"FQDN","Fully Qualified Domain Name","インターネットなどにおけるドメイン名の表記法の一つで、トップレベルドメイン（TLD）から順番に、サブドメイン名やホスト名など各階層を省略せずにすべて指定した形式のこと。他の表記法と区別してであることを明示したい場合は「www.example.co.jp.」のように末尾にドット「.」をつける。",
"プロセス","process","処理、加工、過程、進行、経過などの意味を持つ英単語。",
"ACK","ACKnowledgement","二者間の通信で、相手方に何らかの肯定的な応答を返す際に送られる信号やデータ、パケットなどのこと。「接続要求を受理した」「データが正しく受信できた」といった内容を伝達するために用いられる。",
"トグル","toggle","留め釘、ダッフルコートの棒状のボタンなどの意味を持つ英単語。ITの分野では、同じ操作や処理によって二つの状態が交互に切り替わるような仕組みのことをこのように呼ぶ。",
"VM","Virtual Machine","コンピュータやマイクロプロセッサ（CPU/MPU）の動作を模した機能を実装し、まったく同じように振る舞うソフトウェア。また、そのようなソフトウェアによってコンピュータ内に構築された仮想的なコンピュータ。",
"Microsoft Exchange","Exchange Server","米マイクロソフト（Microsoft）社による、電子メールなどのメッセージ送受信を行うためのサーバソフトウェア製品。",
"NTP","Network Time Protocol","TCP/IPネットワークを通じて現在時刻の情報を送受信するプロトコル（通信規約）の一つ。時刻情報を配信するサーバと時刻合わせを行うクライアント間、およびサーバ間の通信方法を定めている。",
"一時ファイル","temporary file","ソフトウェアが作業中のデータを一時的に保管するために作成する仮のファイル。永続的に保管や管理が必要なデータを記録したファイルとは異なり、何らかの都合や便宜のために一時的にデータを記録しておくためのもので、不要になると自動的に削除されることが多い。",
"SFTP","SSH File Transfer Protocol","sshで暗号化された通信路を使って安全にファイルを送受信するプロトコル。また、それを利用してUNIXなどで暗号化ファイル送受信を行うコマンド。UNIX系OS向けのsshパッケージに標準で付属しているほか、Windowsなどから利用できるクライアントソフトなども公開されている。",
"パース","parse","文法に従って分析する、品詞を記述する、構文解析する、などの意味を持つ英単語。",
"MVNO","Mobile Virtual Network Operator","携帯電話などの無線通信インフラを他社から借り受けてサービスを提供している事業者のこと。無線通信サービスの免許を受けられるのは国ごとに3〜4社程度しかないが、免許を受けた事業者の設備を利用することで、免許のない事業者も無線通信サービスを提供することが可能になる。",
"高級言語","high-level programming language","プログラミング言語の分類の一つで、抽象的な語彙や記法、構文などを用いて処理を記述することができる言語の総称。",
"ファイルディスクリプタ","file descriptor","プログラムからファイルを操作する際、操作対象のファイルを識別・同定するために割り当てられる番号。OSにアクセスを依頼する際にファイルを指定するのに用いられる整数値である。主にUNIX系OSで用いられる仕組みで、Windowsではファイルハンドル（file handle）がほぼこれに相当する仕組みを提供する。",
"ローカルホスト","local host","通信ネットワークにおける位置関係を示す用語の一つで、利用者や稼働中のソフトウェアにとって、自らの側のコンピュータや端末のこと。通信相手は「リモートホスト」（remote host）という。",
"インタラクティブ","interactive","相互に作用する、対話的な、双方向の、相乗効果の、などの意味を持つ英単語。ITの分野では、情報の送り手と受け手の関係が固定的ではなく、その場で互いにやり取りできる状態を指す。",
"ITインフラ","IT infrastructure","情報システムを稼動させる基盤となるコンピュータなどの機材、ソフトウェアやデータ、通信回線やネットワークなどの総体のこと。「インフラストラクチャ」（infrastructure）は基盤、土台、下部構造などの意。",
"ドラッグ＆ドロップ","drag and drop","コンピュータの操作法の一つで、対象を指定してマウスなどのボタンを押し、押したまま画面上を移動して、希望の位置でボタンを離す操作のこと。対象の移動や複製などを指示するために行う。",
"POSシステム","Point Of Sales system","小売店などで客に商品を販売する際に何がいくつ売れたかを単品ごとに端末に入力し、売上や在庫などの情報をリアルタイムに管理するシステム。",
"フィーチャー","feature","特色、特質、機能、特徴（づける）、目玉（商品）、（商品の）売り、呼び物（にする）、容貌、特集する、などの意味を持つ英単語。",
"スイッチングハブ","switching hub","通信ネットワークの中継装置の一つで、受け取ったデータを接続されたすべての機器に送信せず、宛先などを見て関係する機器のみに送信する機能を持ったもの。ネットワーク間の接続・中継のための装置は「ブリッジ」（bridge）とも呼ばれる。",
"IPネットワーク","IP network","コンピュータネットワークの種類の一つで、インターネットプロトコル（IP：Internet Protorol）というプロトコル（通信規約/通信手順）によってデータの送受信を行うもの。最も大規模で有名なは「インターネット」（The Internet）として知られる。",
"エディタ","editor","データの作成や編集（edit）を行うためのソフトウェア。“editor” の原義は「編集者」。",
"オーバーフロー","overflow","あふれ（る）、あふれ出たもの、という意味の英単語。ITの分野では、数値の計算結果がその格納領域に収まる範囲を超えること（算術/桁あふれ）や、与えられたデータが多すぎて指定の領域に収まりきらないこと（バッファなど）を指す。",
"LPDDR3","Low Power DDR3","パソコンなどのメインメモリ（RAM）としてよく用いられるDDR SDRAM規格の派生規格で、低電圧・低消費電力のメモリ規格。LPDDR2の後継規格で、2012年5月に発表された。2013年頃からスマートフォンなどの携帯機器で採用されている。",
"VLAN","Virtual LAN","一つの構内ネットワーク（LAN）内に、物理的な接続形態とは独立に機器の仮想的なグループを設定し、それぞれをあたかも一つのLANであるかのように運用する技術。",
"ミリ秒","millisecond","時間の単位の一つで、1秒の1000分の1（0.001秒）を表すもの。1000が1秒に相当する。コンピュータで時間を扱う際の最小単位としてよく用いられる。",
"ソリューション","solution","解答、解決策、解決、解法、溶解、溶液などの意味を持つ英単語。IT業界では、顧客の抱える問題・課題を解決したり、要望・要求を満たすことができる製品やサービス、あるいはそれらの組み合わせのことをこのように呼ぶ。",
"リニアPCM","Linear PCM","音声などのアナログ信号をデジタルデータに変換する方式の一つで、信号の強度を一定周期で標本化（サンプリング）して得られたデータをそのまま記録するもの。PCM方式のうち最も単純で基本的な手法。",
"ロガー","logger","稼働中に起こった出来事や計測結果などを時系列に記録する装置やソフトウェア、システムなどのこと。",
"MKVファイル","Matroska Video","動画と付随する音声や字幕などを収録することができるファイル形式の一つ。様々な種類のメディアデータを格納する「Matroska」（マトリョーシカ）フォーマットの動画向け仕様で、標準のファイル拡張子は「.mkv」。",
"インポート","import","輸入する、取り込む、持ち込む、などの意味を持つ英単語で、あるソフトウェアが、他のソフトで作成されたデータやファイルを読み込んで利用できるようにすることを指す。対義語はエクスポート（export）で、ソフトウェアが自らの固有の形式以外の形式（汎用形式や他のソフトウェア固有の形式）でデータを書き出したりファイルを保存することを指す。",
"ラッパー","wrapper","包装紙、カバー、覆うもの、包むもの、などの意味を持つ英単語。ソフトウェア開発で、ある開発環境向けに提供されたプログラムなどを別の環境で利用できるようにするものをという。",
"UNC","Universal Naming Convention","Windowsネットワーク上で共有されている様々な資源（ファイルやフォルダ、プリンタなど）の位置を表記する標準的な記法。資源の存在するコンピュータ名と、その中での位置（共有名やパスなど）を組み合わせ、「\\コンピュータ名\資源の共有名\資源内での位置」（英語環境では\はバックスラッシュ）という形式で表される。",
"オープンソース","open source","人間が理解しやすいプログラミング言語で書かれたコンピュータプログラムであるソースコードを広く一般に公開し、誰でも自由に扱ってよいとする考え方。また、そのような考えに基づいて公開されたソフトウェアのこと。",
"ドングル","dongle","コンピュータの外部接続端子に差し込んで特定の機能を提供する小さな装置。現代ではUSBポートに差し込む「USB」が一般的だが、初期にはシリアルポートやパラレルポートが用いられた。ポートを占有しないよう数珠つなぎに他の端子を差し込めるポートを持っているものもある。",
"エビデンス","evidence","証拠、根拠、証言、痕跡などの意味を持つ英単語。ITの分野では、システム開発のテスト工程などで、システムが正しく動作している、あるいは不具合が生じたことを示す証拠となる書類やデータなどをこのように呼ぶことが多い。",
"ポータルサイト","portal site","Web上の様々なサービスや情報を集約して簡単にアクセスできるようにまとめた、Web利用の起点となるWebサイトのこと。",
"ゲートウェイ","gateway","通信手順（プロトコル）が異なる二者間やネットワーク間の通信を中継する機器やソフトウェア、システムの一種で、最上位層のプロトコルやデータ形式の違いに対応できるもの。「GW」「G/W」などの略号で示されることもある。",
"ローカルアカウント","local account","Windowsの利用者アカウント（利用権）の種別の一つで、ある一台のコンピュータ上で直接作成・管理され、そのコンピュータでのみ有効なもの。",
"ブリッジモード","bridge mode","ルータ製品の機能の一つで、ルータとしての機能をオフにしてブリッジとして信号の物理的な中継のみを行う動作モード。有線ルータにおける呼称で、Wi-Fiルータの場合は「アクセスポイントモード」（APモード）という。",
"eSATA","external SATA","コンピュータにストレージ（外部記憶装置）を接続するためのSATA（Serial ATA）規格の拡張仕様の一つで、外付け機器をコンピュータ本体とケーブルで接続するためのもの。外付けハードディスクなどの接続に用いられる。",
"POSTメソッド","POST method","HTTP通信でクライアント（Webブラウザなど）からWebサーバへ送るリクエストの種類の一つで、URLで指定したプログラムなどに対してクライアントからデータを送信するためのもの。",
"実行ファイル","executable file","コンピュータのストレージ（外部記憶装置）などに記録されるファイルの種類の一つで、メインメモリに読み込んで実行できる形式のプログラムファイルのこと。",
"カウンタ","counter","計数器、集計員、反対、反論、反撃などの意味を持つ英単語。ITの分野では、数を数え上げるための何かのことをということが多い。",
"集積回路","Integrated Circuit","高度な機能を持つ電子部品の一つで、トランジスタ、抵抗、コンデンサ、ダイオードなど、多数の微細な電子部品を一つの基板の上で連結し、全体として複雑な処理を行ったり、大量のデータの記憶を行ったりできるもの。形態が数cm角程度の小片であるため「チップ」（chip）と呼ばれる。",
"WEP","Wired Equivalent Privacy","無線LANなどの通信を暗号化する方式の一つ。無線通信は傍受が極めて容易であるため、送信されるパケットを暗号化して傍受者に内容を知られないようにすることで、有線通信と同様の安全性を持たせようとしている。",
"コード","code","法典、規定、規約、記号、符号（化する）、暗号（化する）、などの意味を持つ英単語。",
"フェイルセーフ","fail safe","機器やシステムの設計などについての考え方の一つで、部品の故障や破損、操作ミス、誤作動などが発生した際に、なるべく安全な状態に移行するような仕組みにしておくこと。",
"メモリインターリーブ","memory interleaving","コンピュータのメインメモリ（RAM）へのアクセスを高速化する手法の一つで、複数のメモリ装置（メモリバンク/メモリモジュール）をまたぐようにメモリアドレスを割り当て、読み書き動作を同時並行に行う方式。",
"コンソール","console","制御盤、操作卓などの意味を持つ英単語。大型機械や電子機器などの操作や監視のための装置を一か所に集めた盤状あるいは卓状の装置のこと。転じて、コンピュータの入出力装置や、文字の入出力による対話的な操作システム、OSの中核部分を制御できる操作画面などを表す。",
"シグネチャ","signature","「署名」という意味の英単語。ITの分野では、手紙の署名のようにメッセージの末尾に付加される定型文を指すほか、いくつかの分野で、署名になぞらえた機能やデータをということがある。デジタル署名も英語では “digital signature” だが、この分野では「署名」という訳語を用い、とカナ書きすることはほとんどない。",
"コネクタ","connector","電子部品やケーブルなどを他の部品に簡単に着脱できるように設けられた部品。形状などにより「アダプタ」「プラグ」「ソケット」などと呼ばれることもある。用途によって様々な大きさや形状があり、その多くは工業規格などで標準化されている。",
"ヒープ","heap","データ構造の一種で、木構造（ツリー構造）のうち、親要素が子要素より常に大きい（あるいは小さい）という条件を満たすもの。また、コンピュータプログラムが利用するメモリ領域の種類の一つで、実行時に任意のタイミングで確保や解放が可能なものを領域というが、これをと略す場合がある。",
"HDMI","High-Definition Multimedia Interface","機器間で映像や音声をデジタル信号として伝送するインターフェース規格の一つ。パソコンやスマートフォン、ゲーム機、デジタル家電などとテレビ、ディスプレイなどの表示装置を接続する方式の標準として広く普及している。",
"OneDrive","SkyDrive","米マイクロソフト（Microsoft）社が提供するクラウドストレージサービス。利用者は手元のコンピュータのストレージに保存されたファイルなどをインターネットを通じて同社の運営するサーバへ複製し、保管することができる。",
"PBX","Private Branch eXchange","企業などの組織で複数（多数）の電話機を使用する場合に、施設内で設置・運用される電話交換機のこと。施設内の電話機同士で内線通話できるようにしたり、外線（公衆回線）との接続を行う。",
"デジタル証明書","digital certificate","暗号化やデジタル署名に用いる公開鍵暗号の公開鍵を配送する際に、受信者が鍵の所有者を確認するために添付される一連のデータセットのこと。一般的には認証局（CA：Certificate Authority）と呼ばれる機関が発行する。",
"Web API","Web Application Programming Interface","コンピュータプログラムの提供する機能を外部の別のプログラムから呼び出して利用するための手順・規約（API：Application Programming Interface）の類型の一つで、HTTPなどWebの技術を用いて構築されたもの。",
"UDP","User Datagram Protocol","インターネットなどのネットワークで、IP（Internet Protocol）の一段階上位層のプロトコル（通信規約）として標準的に使われるものの一つ。",
"ストリーミング","streaming","通信ネットワークを介して動画や音声などを受信して再生する際に、データを受信しながら同時に再生を行う方式。",
"キャッシュ","cache","低速な記憶装置や伝送路から読み出したデータのうち、直近に読み込んだものや使用頻度が高いものを高速な記憶装置に複製しておくこと。また、その際に使われる高速な記憶装置や、複製されたデータそのもののこと。データの読み込みを高速化したり、伝送量を削減することができる。",
"ターンアラウンドタイム","Turn Around Time","システムに処理要求を送ってから、結果の出力が終了するまでの時間。データやコマンドの入力が終了してから、処理結果の出力が終わって次の要求の受け入れが可能になるまでの時間のこと。",
"コンピュータ","computer","与えられた手順に従って複雑な計算を自動的に行う機械。特に、電子回路などを用いてデジタルデータの入出力、演算、変換などを連続的に行うことができ、詳細な処理手順を人間などが記述して与えることで、様々な用途に用いることができる電気機械のこと。",
"メモリ","memory","記憶、記憶力、回想、追憶、記念などの意味を持つ英単語。ITの分野ではコンピュータに内蔵される半導体集積回路（IC）を利用したデータの記憶装置を指すことが多い。",
"SQL","Structured Query Language","リレーショナルデータベース（RDB：Relational Database）の管理や操作を行うための問い合わせ言語の一つ。業界標準として広く普及しており、様々なデータベース管理システム（DBMS：Databese Management System）で利用できる。",
"SIP","Session Initiation Protocol","TCP/IPネットワーク上の複数の地点間で固定的な通信路（セッション）の確立や切断などを行うためのプロトコル（通信規約）の一つ。主に音声通話のような双方向のリアルタイム通信を行うために用いられる。",
"サインアウト","sign-out","自分の身元情報に基づいて利用していたシステムに、通信の切断や利用終了を申請すること。逆に、コンピュータに自分の身元を示す情報を入力し、接続や利用開始を申請することを「サインイン」（sign-in）という。",
"ユースケース","use case","利用者があるシステムを用いて特定の目的を達するまでの、双方の間のやり取りを明確に定義したもの。利用者は機器を操作する人間以外にも外部の他のシステムなどを想定する場合もある。",
"ロバスト","robust","堅牢な、頑強な、強靭な、などの意味を持つ英単語。「ネス」（robustness：堅牢性）はその名詞形。様々な分野でそれぞれ固有の意味を持つ術語として用いられる。",
"APKファイル","Android application package","プログラムの実行ファイル形式の一つで、Andoroidアプリケーションを格納するためのもの。アプリの配布で一般的に用いられる形式で、標準のファイル拡張子は「.apk」。",
"RSSフィード","RSS feed","Webサイトの更新情報などをRSSや類似するデータ形式で配信すること。また、そのように配信されるサイトの更新データ。",
"フォールトトレランス","fault tolerance","機器やシステムの設計などについての考え方の一つで、構成要素の一部が故障、停止などしても予備の系統に切り替えるなどして機能を保ち、正常に稼動させ続けること。",
"マルウェア","malware","コンピュータの正常な利用を妨げたり、利用者やコンピュータに害を成す不正な動作を行うソフトウェアの総称。“malicious software” （悪意のあるソフトウェア）を縮めた略語。",
"ロギング","logging","起こった出来事についての情報などを一定の形式で時系列に記録・蓄積すること。そのように記録されたデータのことを「ログ」（log）という。",
"AHCI","Advanced Host Controller Interface","SATA（シリアルATA）接続のストレージ（外部記憶装置）とコンピュータ本体の通信を制御するSATAコントローラの仕様の一つ。SATA 2.0で導入された。",
"ODBC","Open Database Connectivity","アプリケーションソフトがデータベース管理システム（DBMS）などに接続し、データの取得や書き込み、操作などを行う方法の標準を定めたもの。Microsoft社が制定したもので、主に同社のWindowsで動作するデータベース関連ソフトウェアで用いられる。",
"PWM","Pulse Width Modulation","信号などをパルス電流に変調するパルス変調方式の一つで、一回のパルス周期に含まれるオンの時間とオフの時間の比率を変化させることで量を表現する方式。",
"アスペクト比","aspect ratio","画面や画像の縦と横の長さ（画素数）の比。一般的には「横：縦」と表記し、640×480ピクセルを4：3と表記するなど互いに素な整数の比とすることが多いが、縦を1として「1.33：1」のように表す場合もある。",
